country,iso_code_x,year,adult_literacy,iso_code_y,youth_literacy_male,youth_literacy_female,owid_region,literacy_gender_gap,youth_literacy_avg,literacy_growth_rate
Afghanistan,AFG,2011,31.0,AFG,62.0,32.0,,30.0,47.0,
Afghanistan,AFG,2015,33.75384,AFG,57.73505,25.48416,,32.25089,41.609605,8.883354838709657
Afghanistan,AFG,2021,37.0,AFG,71.0,42.0,,29.0,56.5,9.61715763302784
Afghanistan,,2022,,AFG,83.4,44.17171,,39.22829000000001,63.785855,0.0
Albania,ALB,2001,99.0,ALB,99.0,99.0,,0.0,99.0,
Albania,,2005,,ALB,,99.49,,,,0.0
Albania,ALB,2008,96.0,ALB,99.0,99.0,,0.0,99.0,-3.0303030303030276
Albania,,2009,,ALB,94.82,96.61,,-1.7900000000000063,95.715,0.0
Albania,ALB,2011,97.0,ALB,99.0,99.0,,0.0,99.0,1.041666666666674
Albania,ALB,2012,97.0,ALB,99.0,99.0,,0.0,99.0,0.0
Albania,ALB,2017,98.81623,ALB,98.58999,99.52556,,-0.9355699999999985,99.05777499999999,1.8724020618556825
Algeria,DZA,2002,70.0,DZA,94.0,86.0,,8.0,90.0,
Algeria,DZA,2006,73.0,DZA,94.0,89.0,,5.0,91.5,4.285714285714293
Algeria,DZA,2008,75.0,DZA,96.0,92.0,,4.0,94.0,2.7397260273972712
Algeria,,2019,,DZA,64.79,97.9897,,-33.19969999999999,81.38985,0.0
Angola,AGO,2001,67.0,AGO,84.0,63.0,,21.0,73.5,
Angola,AGO,2014,66.0,AGO,85.0,71.0,,14.0,78.0,-1.4925373134328401
Angola,AGO,2015,66.23586,AGO,83.96919,67.4276,,16.54159,75.698395,0.3573636363636501
Antigua and Barbuda,ATG,2001,99.0,,,,,,,
Argentina,ARG,1991,96.0,ARG,98.0,99.0,,-1.0,98.5,
Argentina,ARG,2001,97.0,ARG,99.0,99.0,,0.0,99.0,1.041666666666674
Armenia,,2000,,ARM,100.0,100.0,,0.0,100.0,
Armenia,ARM,2001,99.0,ARM,100.0,100.0,,0.0,100.0,
Armenia,ARM,2011,100.0,ARM,100.0,100.0,,0.0,100.0,1.0101010101010166
Armenia,ARM,2016,100.0,ARM,100.0,100.0,,0.0,100.0,0.0
Armenia,ARM,2017,100.0,ARM,100.0,100.0,,0.0,100.0,0.0
Armenia,ARM,2020,100.0,ARM,100.0,100.0,,0.0,100.0,0.0
Armenia,ARM,2022,99.825,ARM,99.64871,99.91656,,-0.2678500000000099,99.782635,-0.17499999999999183
Aruba,ABW,2000,97.0,ABW,99.0,99.0,,0.0,99.0,
Aruba,ABW,2010,97.0,ABW,99.0,99.0,,0.0,99.0,0.0
Azerbaijan,AZE,1999,99.0,AZE,100.0,100.0,,0.0,100.0,
Azerbaijan,,2006,,AZE,100.0,100.0,,0.0,100.0,0.0
Azerbaijan,AZE,2007,100.0,AZE,100.0,100.0,,0.0,100.0,1.0101010101010166
Azerbaijan,AZE,2009,100.0,AZE,100.0,100.0,,0.0,100.0,0.0
Azerbaijan,AZE,2010,100.0,AZE,100.0,100.0,,0.0,100.0,0.0
Azerbaijan,AZE,2011,100.0,AZE,100.0,100.0,,0.0,100.0,0.0
Azerbaijan,AZE,2012,100.0,AZE,100.0,100.0,,0.0,100.0,0.0
Azerbaijan,AZE,2013,100.0,AZE,100.0,100.0,,0.0,100.0,0.0
Azerbaijan,AZE,2014,100.0,AZE,100.0,100.0,,0.0,100.0,0.0
Azerbaijan,AZE,2015,100.0,AZE,100.0,100.0,,0.0,100.0,0.0
Azerbaijan,AZE,2016,100.0,AZE,100.0,100.0,,0.0,100.0,0.0
Azerbaijan,AZE,2017,100.0,AZE,100.0,100.0,,0.0,100.0,0.0
Azerbaijan,AZE,2019,100.0,AZE,100.0,100.0,,0.0,100.0,0.0
Azerbaijan,AZE,2023,100.0,AZE,100.0,100.0,,0.0,100.0,0.0
Bahrain,BHR,1991,84.0,BHR,97.0,97.0,,0.0,97.0,
Bahrain,BHR,2001,87.0,BHR,97.0,97.0,,0.0,97.0,3.571428571428581
Bahrain,BHR,2022,98.0,BHR,99.0,99.0,,0.0,99.0,12.643678160919535
Bahrain,BHR,2023,98.0,BHR,99.0,99.0,,0.0,99.0,0.0
Bangladesh,BGD,1991,35.0,BGD,52.0,38.0,,14.0,45.0,
Bangladesh,,2000,,BGD,100.0,100.0,,0.0,100.0,0.0
Bangladesh,BGD,2001,47.0,BGD,67.0,60.0,,7.0,63.5,34.28571428571428
Bangladesh,,2006,,BGD,,87.2,,,,0.0
Bangladesh,,2007,,BGD,90.51,77.09,,13.420000000000002,83.80000000000001,0.0
Bangladesh,BGD,2011,59.0,BGD,76.0,80.0,,-4.0,78.0,25.531914893617014
Bangladesh,BGD,2012,58.0,BGD,76.0,79.0,,-3.0,77.5,-1.6949152542372836
Bangladesh,BGD,2013,61.0,BGD,84.0,87.0,,-3.0,85.5,5.1724137931034475
Bangladesh,BGD,2014,61.0,BGD,85.0,86.0,,-1.0,85.5,0.0
Bangladesh,BGD,2015,65.0,BGD,86.0,90.0,,-4.0,88.0,6.557377049180335
Bangladesh,BGD,2016,73.0,BGD,91.0,94.0,,-3.0,92.5,12.307692307692308
Bangladesh,BGD,2017,73.0,BGD,92.0,94.0,,-2.0,93.0,0.0
Bangladesh,BGD,2018,74.0,BGD,92.0,95.0,,-3.0,93.5,1.3698630136986356
Bangladesh,BGD,2019,75.0,BGD,94.0,96.0,,-2.0,95.0,1.3513513513513598
Bangladesh,BGD,2020,75.0,BGD,93.0,96.0,,-3.0,94.5,0.0
Bangladesh,BGD,2021,76.0,BGD,94.0,96.0,,-2.0,95.0,1.333333333333342
Bangladesh,BGD,2022,79.0,BGD,92.0,94.0,,-2.0,93.0,3.9473684210526327
Barbados,,2012,,BRB,100.0,100.0,,0.0,100.0,
Belarus,BLR,1999,100.0,BLR,100.0,100.0,,0.0,100.0,
Belarus,,2005,,BLR,,99.98,,,,0.0
Belarus,BLR,2009,100.0,BLR,100.0,100.0,,0.0,100.0,0.0
Belarus,,2012,,BLR,100.0,100.0,,0.0,100.0,0.0
Belarus,BLR,2019,100.0,BLR,100.0,100.0,,0.0,100.0,0.0
Belize,BLZ,1991,70.0,BLZ,77.0,78.0,,-1.0,77.5,
Belize,,2006,,BLZ,,95.13,,,,0.0
Belize,,2011,,BLZ,,96.6,,,,0.0
Belize,BLZ,2015,90.91604,BLZ,97.82818,98.07905,,-0.25086999999999193,97.953615,29.88005714285713
Benin,BEN,1992,27.0,BEN,55.0,27.0,,28.0,41.0,
Benin,,2001,,BEN,61.08,31.85,,29.229999999999997,46.465,0.0
Benin,BEN,2002,35.0,BEN,59.0,33.0,,26.0,46.0,29.629629629629626
Benin,,2006,,BEN,72.07,39.53,,32.53999999999999,55.8,0.0
Benin,BEN,2017,38.87121,BEN,66.79979,50.98536,,15.814430000000002,58.892575,11.060599999999997
Benin,BEN,2019,48.99828,BEN,76.35444,62.76271,,13.591729999999998,69.55857499999999,26.052880782460864
Benin,BEN,2021,43.83417,BEN,70.96799,59.18644,,11.781550000000003,65.077215,-10.539369953394285
Benin,BEN,2022,51.37877,BEN,74.60011,67.93813,,6.66198,71.26912,17.211686681873985
Bhutan,BTN,2005,53.0,BTN,80.0,68.0,,12.0,74.0,
Bhutan,,2010,,BTN,,63.34,,,,0.0
Bhutan,BTN,2012,55.0,BTN,90.0,82.0,,8.0,86.0,3.7735849056603765
Bhutan,BTN,2017,67.0,BTN,93.0,93.0,,0.0,93.0,21.818181818181827
Bolivia,BOL,1992,80.0,BOL,96.0,92.0,,4.0,94.0,
Bolivia,,2000,,BOL,98.4,96.3,,2.1000000000000085,97.35,0.0
Bolivia,BOL,2001,87.0,BOL,98.2,96.5,,1.7000000000000028,97.35,8.749999999999991
Bolivia,,2002,,BOL,99.1,97.1,,2.0,98.1,0.0
Bolivia,,2003,,BOL,99.47,96.67,,2.799999999999997,98.07,0.0
Bolivia,,2004,,BOL,99.6,98.6,,1.0,99.1,0.0
Bolivia,,2005,,BOL,99.3,98.4,,0.8999999999999915,98.85,0.0
Bolivia,,2006,,BOL,99.4,97.4,,2.0,98.4,0.0
Bolivia,BOL,2007,91.0,BOL,99.8,99.1,,0.7000000000000028,99.44999999999999,4.597701149425282
Bolivia,BOL,2008,91.0,BOL,99.4,99.0,,0.4000000000000057,99.2,0.0
Bolivia,BOL,2009,91.0,BOL,99.7,99.1,,0.6000000000000085,99.4,0.0
Bolivia,BOL,2011,92.0,BOL,99.3,98.8,,0.5,99.05,1.098901098901095
Bolivia,BOL,2012,94.0,BOL,99.5,99.2,,0.29999999999999716,99.35,2.1739130434782705
Bolivia,,2013,,BOL,99.5,99.2,,0.29999999999999716,99.35,0.0
Bolivia,,2014,,BOL,99.7,99.2,,0.5,99.45,0.0
Bolivia,BOL,2015,92.0,BOL,99.4,99.4,,0.0,99.4,-2.127659574468088
Bolivia,,2016,,BOL,99.5,99.3,,0.20000000000000284,99.4,0.0
Bolivia,,2017,,BOL,99.4,99.3,,0.10000000000000853,99.35,0.0
Bolivia,,2018,,BOL,99.7,99.4,,0.29999999999999716,99.55000000000001,0.0
Bolivia,,2019,,BOL,99.7,99.4,,0.29999999999999716,99.55000000000001,0.0
Bolivia,BOL,2020,94.0,BOL,99.6,99.5,,0.09999999999999432,99.55,2.1739130434782705
Bolivia,,2021,,BOL,99.5,99.5,,0.0,99.5,0.0
Bosnia and Herzegovina,BIH,1991,89.0,BIH,99.0,99.0,,0.0,99.0,
Bosnia and Herzegovina,BIH,2000,97.0,BIH,100.0,100.0,,0.0,100.0,8.98876404494382
Bosnia and Herzegovina,,2006,,BIH,,99.82,,,,0.0
Bosnia and Herzegovina,BIH,2013,97.0,BIH,100.0,100.0,,0.0,100.0,0.0
Botswana,BWA,1991,69.0,BWA,86.0,92.0,,-6.0,89.0,
Botswana,BWA,2003,81.0,BWA,92.0,96.0,,-4.0,94.0,17.391304347826097
Brazil,BRA,2000,86.0,BRA,93.0,96.0,,-3.0,94.5,
Brazil,,2001,,BRA,94.7,96.9,,-2.200000000000003,95.80000000000001,0.0
Brazil,,2002,,BRA,95.1,97.5,,-2.4000000000000057,96.3,0.0
Brazil,,2003,,BRA,95.6,97.7,,-2.1000000000000085,96.65,0.0
Brazil,BRA,2004,89.0,BRA,95.7,97.9,,-2.200000000000003,96.80000000000001,3.488372093023262
Brazil,,2005,,BRA,96.1,98.1,,-2.0,97.1,0.0
Brazil,BRA,2006,90.0,BRA,96.8,98.3,,-1.5,97.55,1.1235955056179803
Brazil,BRA,2007,90.0,BRA,97.0,98.6,,-1.5999999999999943,97.8,0.0
Brazil,BRA,2008,90.0,BRA,97.2,98.5,,-1.2999999999999972,97.85,0.0
Brazil,BRA,2009,90.0,BRA,97.4,98.7,,-1.2999999999999972,98.05000000000001,0.0
Brazil,BRA,2010,90.0,BRA,97.0,98.0,,-1.0,97.5,0.0
Brazil,BRA,2011,91.0,BRA,97.9,99.1,,-1.1999999999999886,98.5,1.1111111111111072
Brazil,BRA,2012,91.0,BRA,98.2,99.0,,-0.7999999999999972,98.6,0.0
Brazil,BRA,2013,91.0,BRA,98.3,99.2,,-0.9000000000000057,98.75,0.0
Brazil,BRA,2014,92.0,BRA,98.4,99.3,,-0.8999999999999915,98.85,1.098901098901095
Brazil,BRA,2015,92.0,BRA,98.6,99.3,,-0.7000000000000028,98.94999999999999,0.0
Brazil,BRA,2016,93.0,BRA,98.7,99.5,,-0.7999999999999972,99.1,1.0869565217391353
Brazil,BRA,2017,93.0,BRA,98.8,99.5,,-0.7000000000000028,99.15,0.0
Brazil,BRA,2018,93.0,BRA,98.7,99.4,,-0.7000000000000028,99.05000000000001,0.0
Brazil,,2019,,BRA,98.7,99.5,,-0.7999999999999972,99.1,0.0
Brazil,,2020,,BRA,99.0,99.5,,-0.5,99.25,0.0
Brazil,,2021,,BRA,99.1,99.5,,-0.4000000000000057,99.3,0.0
Brazil,,2022,,BRA,99.0,99.6,,-0.5999999999999943,99.3,0.0
Brazil,,2023,,BRA,99.0,99.6,,-0.5999999999999943,99.3,0.0
Brunei,BRN,1991,88.0,BRN,98.0,98.0,,0.0,98.0,
Brunei,BRN,2001,93.0,BRN,99.0,99.0,,0.0,99.0,5.681818181818188
Brunei,BRN,2011,96.0,BRN,99.0,100.0,,-1.0,99.5,3.2258064516129004
Bulgaria,BGR,2001,98.0,BGR,98.0,98.0,,0.0,98.0,
Bulgaria,BGR,2011,98.0,BGR,98.0,98.0,,0.0,98.0,0.0
Burkina Faso,BFA,1991,14.0,BFA,27.0,14.0,,13.0,20.5,
Burkina Faso,BFA,1996,13.0,BFA,25.0,14.0,,11.0,19.5,-7.14285714285714
Burkina Faso,BFA,2003,22.0,BFA,38.0,25.0,,13.0,31.5,69.23076923076923
Burkina Faso,BFA,2005,24.0,BFA,40.0,26.0,,14.0,33.0,9.090909090909083
Burkina Faso,BFA,2006,22.0,BFA,40.0,27.0,,13.0,33.5,-8.333333333333337
Burkina Faso,BFA,2007,28.0,BFA,47.0,33.0,,14.0,40.0,27.27272727272727
Burkina Faso,,2010,,BFA,47.04,27.24,,19.8,37.14,0.0
Burkina Faso,BFA,2014,35.0,BFA,57.0,44.0,,13.0,50.5,25.0
Burkina Faso,BFA,2018,39.0,BFA,64.0,54.0,,10.0,59.0,11.428571428571432
Burkina Faso,BFA,2019,30.0,BFA,51.0,44.0,,7.0,47.5,-23.076923076923073
Burkina Faso,BFA,2021,36.96738,BFA,66.64593,58.758,,7.887930000000004,62.701965,23.224599999999995
Burkina Faso,BFA,2022,40.92361,BFA,65.47311,60.56925,,4.903860000000009,63.02118,10.701948582777575
Burundi,BDI,1990,37.0,BDI,59.0,48.0,,11.0,53.5,
Burundi,BDI,2000,59.0,BDI,77.0,70.0,,7.0,73.5,59.45945945945945
Burundi,,2005,,BDI,,52.83,,,,0.0
Burundi,BDI,2008,48.0,BDI,67.0,57.0,,10.0,62.0,-18.644067796610166
Burundi,,2010,,BDI,82.66,66.51,,16.14999999999999,74.58500000000001,0.0
Burundi,BDI,2014,62.0,BDI,85.0,75.0,,10.0,80.0,29.166666666666675
Burundi,BDI,2016,65.68774,BDI,86.7551,82.08605,,4.669049999999999,84.420575,5.947967741935489
Burundi,BDI,2017,68.0,BDI,91.0,86.0,,5.0,88.5,3.520078480398303
Cambodia,KHM,1998,67.0,KHM,82.0,71.0,,11.0,76.5,
Cambodia,,2000,,KHM,,54.67,,,,0.0
Cambodia,KHM,2004,74.0,KHM,88.0,79.0,,9.0,83.5,10.447761194029859
Cambodia,,2005,,KHM,100.0,67.33,,32.67,83.66499999999999,0.0
Cambodia,KHM,2008,77.0,KHM,89.0,86.0,,3.0,87.5,4.054054054054057
Cambodia,KHM,2009,76.0,KHM,88.0,86.0,,2.0,87.0,-1.2987012987012991
Cambodia,,2010,,KHM,80.6,78.02,,2.5799999999999983,79.31,0.0
Cambodia,KHM,2014,78.0,KHM,90.0,90.0,,0.0,90.0,2.6315789473684292
Cambodia,KHM,2015,81.0,KHM,92.0,93.0,,-1.0,92.5,3.8461538461538547
Cambodia,KHM,2021,71.92725,KHM,90.30829,93.50569,,-3.197400000000002,91.90699000000001,-11.200925925925919
Cameroon,CMR,2000,68.0,CMR,88.0,78.0,,10.0,83.0,
Cameroon,,2004,,CMR,81.39,67.65,,13.739999999999995,74.52000000000001,0.0
Cameroon,,2006,,CMR,,64.67,,,,0.0
Cameroon,CMR,2007,71.0,CMR,89.0,77.0,,12.0,83.0,4.4117647058823595
Cameroon,CMR,2010,71.0,CMR,85.0,76.0,,9.0,80.5,0.0
Cameroon,,2011,,CMR,86.92,73.41,,13.510000000000005,80.16499999999999,0.0
Cameroon,,2014,,CMR,,100.0,,,,0.0
Cameroon,CMR,2018,72.54713,CMR,87.59698,76.3945,,11.202480000000008,81.99574,2.1790563380281736
Cape Verde,CPV,1990,63.0,CPV,90.0,86.0,,4.0,88.0,
Cape Verde,CPV,2012,85.0,CPV,98.0,98.0,,0.0,98.0,34.92063492063493
Cape Verde,CPV,2015,87.0,CPV,98.0,99.0,,-1.0,98.5,2.35294117647058
Cayman Islands,CYM,2007,99.0,CYM,99.0,99.0,,0.0,99.0,
Central African Republic,CAF,2000,51.0,CAF,73.0,49.0,,24.0,61.0,
Central African Republic,,2006,,CAF,,21.51,,,,0.0
Central African Republic,,2010,,CAF,,27.63,,,,0.0
Central African Republic,CAF,2019,42.44279,CAF,64.90382,36.67682,,28.226999999999997,50.790319999999994,-16.778843137254896
Chad,TCD,1993,11.0,TCD,26.0,9.0,,17.0,17.5,
Chad,TCD,2000,26.0,TCD,56.0,23.0,,33.0,39.5,136.36363636363637
Chad,TCD,2004,28.0,TCD,54.0,31.0,,23.0,42.5,7.692307692307687
Chad,,2010,,TCD,,16.88,,,,0.0
Chad,TCD,2016,22.0,TCD,41.0,22.0,,19.0,31.5,-21.42857142857143
Chad,TCD,2019,30.62792,TCD,56.26247,33.32039,,22.942079999999997,44.791430000000005,39.217818181818174
Chile,CHL,1992,94.0,CHL,98.0,99.0,,-1.0,98.5,
Chile,,2000,,CHL,98.9,99.3,,-0.3999999999999915,99.1,0.0
Chile,CHL,2002,96.0,CHL,99.0,99.0,,0.0,99.0,2.127659574468077
Chile,,2003,,CHL,98.9,99.4,,-0.5,99.15,0.0
Chile,,2006,,CHL,98.9,99.3,,-0.3999999999999915,99.1,0.0
Chile,,2009,,CHL,99.2,99.5,,-0.29999999999999716,99.35,0.0
Chile,CHL,2011,97.0,CHL,99.2,99.6,,-0.3999999999999915,99.4,1.041666666666674
Chile,CHL,2013,96.0,CHL,99.0,99.1,,-0.09999999999999432,99.05,-1.0309278350515427
Chile,CHL,2015,97.0,CHL,99.3,99.4,,-0.10000000000000853,99.35,1.041666666666674
Chile,CHL,2017,96.0,CHL,99.0,99.0,,0.0,99.0,-1.0309278350515427
Chile,,2022,,CHL,99.1,99.5,,-0.4000000000000057,99.3,0.0
China,CHN,1990,78.0,CHN,97.0,91.0,,6.0,94.0,
China,CHN,2000,91.0,CHN,99.0,99.0,,0.0,99.0,16.666666666666675
China,CHN,2010,95.0,CHN,100.0,100.0,,0.0,100.0,4.395604395604402
China,CHN,2020,97.0,CHN,100.0,100.0,,0.0,100.0,2.1052631578947434
Colombia,COL,1993,91.0,COL,95.0,96.0,,-1.0,95.5,
Colombia,COL,1996,91.0,COL,96.0,98.0,,-2.0,97.0,0.0
Colombia,,2000,,COL,,100.0,,,,0.0
Colombia,,2002,,COL,96.9,98.0,,-1.0999999999999943,97.45,0.0
Colombia,,2003,,COL,96.7,98.3,,-1.5999999999999943,97.5,0.0
Colombia,COL,2004,93.0,COL,97.5,98.4,,-0.9000000000000057,97.95,2.19780219780219
Colombia,COL,2005,93.0,COL,97.6,98.4,,-0.8000000000000114,98.0,0.0
Colombia,COL,2006,92.0,COL,98.0,98.0,,0.0,98.0,-1.0752688172043001
Colombia,COL,2007,93.0,COL,97.0,98.0,,-1.0,97.5,1.0869565217391353
Colombia,COL,2008,93.0,COL,97.5,98.4,,-0.9000000000000057,97.95,0.0
Colombia,COL,2009,93.0,COL,97.4,98.4,,-1.0,97.9,0.0
Colombia,COL,2010,93.0,COL,97.8,98.6,,-0.7999999999999972,98.19999999999999,0.0
Colombia,COL,2011,94.0,COL,97.8,98.8,,-1.0,98.3,1.0752688172043001
Colombia,,2012,,COL,97.8,98.7,,-0.9000000000000057,98.25,0.0
Colombia,,2013,,COL,97.8,98.8,,-1.0,98.3,0.0
Colombia,COL,2014,94.0,COL,98.1,98.9,,-0.8000000000000114,98.5,0.0
Colombia,COL,2015,94.0,COL,98.2,98.9,,-0.7000000000000028,98.55000000000001,0.0
Colombia,COL,2016,95.0,COL,98.3,99.0,,-0.7000000000000028,98.65,1.0638297872340496
Colombia,,2017,,COL,98.3,99.0,,-0.7000000000000028,98.65,0.0
Colombia,COL,2018,95.0,COL,98.7,99.1,,-0.3999999999999915,98.9,0.0
Colombia,COL,2019,95.0,COL,98.5,99.2,,-0.7000000000000028,98.85,0.0
Colombia,COL,2020,96.0,COL,98.7,99.3,,-0.5999999999999943,99.0,1.0526315789473717
Colombia,,2021,,COL,98.8,99.4,,-0.6000000000000085,99.1,0.0
Colombia,,2022,,COL,98.6,99.2,,-0.6000000000000085,98.9,0.0
Colombia,,2023,,COL,98.7,99.2,,-0.5,98.95,0.0
Comoros,COM,2000,68.0,COM,84.0,78.0,,6.0,81.0,
Comoros,,2012,,COM,85.0,78.59,,6.409999999999997,81.795,0.0
Congo,COG,2005,76.0,COG,88.0,71.0,,17.0,79.5,
Costa Rica,CRI,2000,95.0,CRI,97.0,98.0,,-1.0,97.5,
Costa Rica,CRI,2011,97.0,CRI,99.0,99.0,,0.0,99.0,2.1052631578947434
Costa Rica,,2018,,CRI,74.78,99.63372,,-24.853719999999996,87.20686,0.0
Cote d'Ivoire,CIV,1998,36.0,CIV,54.0,40.0,,14.0,47.0,
Cote d'Ivoire,CIV,2000,49.0,CIV,71.0,52.0,,19.0,61.5,36.111111111111114
Cote d'Ivoire,,2006,,CIV,,38.57,,,,0.0
Cote d'Ivoire,CIV,2014,44.0,CIV,59.0,47.0,,12.0,53.0,-10.204081632653061
Cote d'Ivoire,CIV,2016,50.03968,CIV,71.98823,54.73764,,17.250590000000003,63.362935,13.726545454545459
Cote d'Ivoire,CIV,2019,90.0,CIV,93.0,76.0,,17.0,84.5,79.85726527427835
Cote d'Ivoire,CIV,2021,50.00064,CIV,76.16145,58.31827,,17.843180000000004,67.23986,-44.443733333333334
Croatia,HRV,1991,97.0,HRV,100.0,100.0,,0.0,100.0,
Croatia,HRV,2001,98.0,HRV,100.0,100.0,,0.0,100.0,1.0309278350515427
Cuba,CUB,2002,100.0,CUB,100.0,100.0,,0.0,100.0,
Cuba,CUB,2012,100.0,CUB,100.0,100.0,,0.0,100.0,0.0
Cuba,CUB,2019,97.65491,CUB,99.53119,99.70794,,-0.1767499999999984,99.619565,-2.345089999999994
Cyprus,CYP,1992,94.0,CYP,100.0,100.0,,0.0,100.0,
Cyprus,CYP,2001,97.0,CYP,100.0,100.0,,0.0,100.0,3.1914893617021267
Cyprus,CYP,2011,99.0,CYP,100.0,100.0,,0.0,100.0,2.0618556701030855
Democratic Republic of Congo,COD,2001,67.0,COD,78.0,63.0,,15.0,70.5,
Democratic Republic of Congo,,2007,,COD,87.36,62.97,,24.39,75.16499999999999,0.0
Democratic Republic of Congo,,2010,,COD,,64.32,,,,0.0
Democratic Republic of Congo,COD,2012,75.0,COD,91.0,77.0,,14.0,84.0,11.940298507462677
Democratic Republic of Congo,,2013,,COD,92.56,76.58,,15.980000000000004,84.57,0.0
Democratic Republic of Congo,COD,2016,77.0,COD,91.0,80.0,,11.0,85.5,2.6666666666666616
Democratic Republic of Congo,COD,2018,73.55303,COD,90.81754,77.53746,,13.280079999999998,84.1775,-4.476584415584406
Djibouti,,2006,,DJI,,51.81,,,,
Dominican Republic,,2000,,DOM,93.2,96.5,,-3.299999999999997,94.85,
Dominican Republic,,2001,,DOM,94.3,96.6,,-2.299999999999997,95.44999999999999,
Dominican Republic,DOM,2002,87.0,DOM,93.8,96.5,,-2.700000000000003,95.15,
Dominican Republic,,2003,,DOM,94.7,96.9,,-2.200000000000003,95.80000000000001,0.0
Dominican Republic,,2004,,DOM,95.2,96.7,,-1.5,95.95,0.0
Dominican Republic,,2005,,DOM,96.2,97.3,,-1.0999999999999943,96.75,0.0
Dominican Republic,,2006,,DOM,95.3,97.9,,-2.6000000000000085,96.6,0.0
Dominican Republic,DOM,2007,88.0,DOM,97.2,97.8,,-0.5999999999999943,97.5,1.1494252873563315
Dominican Republic,,2008,,DOM,95.6,97.4,,-1.8000000000000114,96.5,0.0
Dominican Republic,,2009,,DOM,96.2,98.4,,-2.200000000000003,97.30000000000001,0.0
Dominican Republic,DOM,2010,90.0,DOM,96.2,97.9,,-1.7000000000000028,97.05000000000001,2.2727272727272707
Dominican Republic,DOM,2011,90.0,DOM,96.5,98.6,,-2.0999999999999943,97.55,0.0
Dominican Republic,DOM,2012,90.0,DOM,96.7,98.0,,-1.2999999999999972,97.35,0.0
Dominican Republic,DOM,2013,91.0,DOM,97.6,98.3,,-0.7000000000000028,97.94999999999999,1.1111111111111072
Dominican Republic,DOM,2014,92.0,DOM,98.0,98.2,,-0.20000000000000284,98.1,1.098901098901095
Dominican Republic,DOM,2015,92.0,DOM,98.1,98.1,,0.0,98.1,0.0
Dominican Republic,DOM,2016,94.0,DOM,98.1,98.8,,-0.7000000000000028,98.44999999999999,2.1739130434782705
Dominican Republic,,2017,,DOM,97.8,98.4,,-0.6000000000000085,98.1,0.0
Dominican Republic,,2018,,DOM,98.0,99.1,,-1.0999999999999943,98.55,0.0
Dominican Republic,,2019,,DOM,98.3,99.1,,-0.7999999999999972,98.69999999999999,0.0
Dominican Republic,,2020,,DOM,98.6,99.1,,-0.5,98.85,0.0
Dominican Republic,,2021,,DOM,98.7,99.0,,-0.29999999999999716,98.85,0.0
Dominican Republic,,2022,,DOM,98.1,98.9,,-0.8000000000000114,98.5,0.0
Dominican Republic,,2023,,DOM,98.3,98.8,,-0.5,98.55,0.0
East Timor,TLS,2001,38.0,,,,,,,
East Timor,TLS,2007,51.0,,,,,,,34.210526315789465
East Timor,,2009,,TLS,87.25,83.71,,3.5400000000000063,85.47999999999999,0.0
East Timor,TLS,2010,58.0,TLS,80.0,79.0,,1.0,79.5,13.725490196078427
East Timor,TLS,2016,65.77913,TLS,89.55101,88.72531,,0.8257000000000119,89.13816,13.41229310344827
Ecuador,ECU,1990,88.0,ECU,97.0,96.0,,1.0,96.5,
Ecuador,ECU,2001,91.0,ECU,97.6,97.3,,0.29999999999999716,97.44999999999999,3.409090909090917
Ecuador,,2003,,ECU,96.5,97.4,,-0.9000000000000057,96.95,0.0
Ecuador,,2005,,ECU,98.3,98.2,,0.09999999999999432,98.25,0.0
Ecuador,,2006,,ECU,98.3,98.1,,0.20000000000000284,98.19999999999999,0.0
Ecuador,ECU,2007,92.0,ECU,98.2,98.6,,-0.3999999999999915,98.4,1.098901098901095
Ecuador,ECU,2008,92.0,ECU,98.4,98.5,,-0.09999999999999432,98.45,0.0
Ecuador,ECU,2009,92.0,ECU,98.7,98.9,,-0.20000000000000284,98.80000000000001,0.0
Ecuador,ECU,2010,92.0,ECU,98.5,98.9,,-0.4000000000000057,98.7,0.0
Ecuador,ECU,2011,92.0,ECU,98.6,98.8,,-0.20000000000000284,98.69999999999999,0.0
Ecuador,ECU,2012,92.0,ECU,98.8,98.9,,-0.10000000000000853,98.85,0.0
Ecuador,ECU,2013,93.0,ECU,98.6,98.6,,0.0,98.6,1.0869565217391353
Ecuador,ECU,2014,94.0,ECU,99.0,99.2,,-0.20000000000000284,99.1,1.0752688172043001
Ecuador,ECU,2015,94.0,ECU,99.3,98.9,,0.3999999999999915,99.1,0.0
Ecuador,ECU,2016,94.0,ECU,99.0,99.1,,-0.09999999999999432,99.05,0.0
Ecuador,ECU,2017,93.0,ECU,99.1,99.4,,-0.30000000000001137,99.25,-1.0638297872340385
Ecuador,,2018,,ECU,98.9,99.1,,-0.19999999999998863,99.0,0.0
Ecuador,,2019,,ECU,98.2,98.8,,-0.5999999999999943,98.5,0.0
Ecuador,ECU,2020,94.0,ECU,98.5,99.1,,-0.5999999999999943,98.8,1.0752688172043001
Ecuador,ECU,2021,94.0,ECU,99.0,99.2,,-0.20000000000000284,99.1,0.0
Ecuador,ECU,2022,94.0,ECU,99.0,99.2,,-0.20000000000000284,99.1,0.0
Ecuador,,2023,,ECU,99.0,99.3,,-0.29999999999999716,99.15,0.0
Egypt,EGY,1996,56.0,EGY,79.0,67.0,,12.0,73.0,
Egypt,,2000,,EGY,,77.19,,,,0.0
Egypt,EGY,2005,67.0,EGY,90.0,79.0,,11.0,84.5,19.64285714285714
Egypt,EGY,2006,66.0,EGY,88.0,82.0,,6.0,85.0,-1.4925373134328401
Egypt,EGY,2010,72.0,EGY,91.0,84.0,,7.0,87.5,9.090909090909083
Egypt,EGY,2012,74.0,EGY,92.0,86.0,,6.0,89.0,2.777777777777768
Egypt,EGY,2013,72.0,EGY,94.0,90.0,,4.0,92.0,-2.7027027027026973
Egypt,,2014,,EGY,,94.08,,,,0.0
Egypt,EGY,2017,71.0,EGY,89.0,87.0,,2.0,88.0,-1.388888888888884
Egypt,,2022,,EGY,95.51,94.82,,0.6900000000000119,95.16499999999999,0.0
El Salvador,SLV,1992,74.0,SLV,85.0,85.0,,0.0,85.0,
El Salvador,,2000,,SLV,92.2,92.6,,-0.3999999999999915,92.4,0.0
El Salvador,,2001,,SLV,93.5,93.6,,-0.09999999999999432,93.55,0.0
El Salvador,,2002,,SLV,92.9,93.6,,-0.6999999999999886,93.25,0.0
El Salvador,,2003,,SLV,93.3,93.4,,-0.10000000000000853,93.35,0.0
El Salvador,,2004,,SLV,93.7,94.0,,-0.29999999999999716,93.85,0.0
El Salvador,,2005,,SLV,94.9,94.9,,0.0,94.9,0.0
El Salvador,SLV,2006,84.0,SLV,94.4,95.5,,-1.0999999999999943,94.95,13.513513513513509
El Salvador,SLV,2007,82.0,SLV,95.2,95.8,,-0.5999999999999943,95.5,-2.3809523809523836
El Salvador,SLV,2008,84.0,SLV,95.0,96.0,,-1.0,95.5,2.4390243902439046
El Salvador,SLV,2009,84.0,SLV,95.1,96.1,,-1.0,95.6,0.0
El Salvador,SLV,2010,84.0,SLV,95.7,96.4,,-0.7000000000000028,96.05000000000001,0.0
El Salvador,SLV,2011,85.0,SLV,96.0,97.0,,-1.0,96.5,1.1904761904761862
El Salvador,,2012,,SLV,96.7,97.6,,-0.8999999999999915,97.15,0.0
El Salvador,SLV,2013,87.0,SLV,96.9,97.5,,-0.5999999999999943,97.2,2.35294117647058
El Salvador,,2014,,SLV,97.3,98.2,,-0.9000000000000057,97.75,0.0
El Salvador,SLV,2015,88.0,SLV,97.5,98.4,,-0.9000000000000057,97.95,1.1494252873563315
El Salvador,SLV,2016,88.0,SLV,97.7,98.3,,-0.5999999999999943,98.0,0.0
El Salvador,SLV,2017,88.0,SLV,97.8,98.1,,-0.29999999999999716,97.94999999999999,0.0
El Salvador,SLV,2018,89.0,SLV,97.7,98.2,,-0.5,97.95,1.1363636363636465
El Salvador,SLV,2019,89.0,SLV,98.0,98.7,,-0.7000000000000028,98.35,0.0
El Salvador,SLV,2020,90.0,SLV,98.3,98.7,,-0.4000000000000057,98.5,1.1235955056179803
El Salvador,,2021,,SLV,97.8,98.3,,-0.5,98.05,0.0
El Salvador,,2022,,SLV,98.0,98.6,,-0.5999999999999943,98.3,0.0
El Salvador,SLV,2023,90.0,SLV,97.6,98.5,,-0.9000000000000057,98.05,0.0
Equatorial Guinea,GNQ,2000,88.0,GNQ,98.0,97.0,,1.0,97.5,
Eritrea,ERI,2002,53.0,ERI,86.0,69.0,,17.0,77.5,
Eritrea,ERI,2008,65.0,ERI,91.0,83.0,,8.0,87.0,22.64150943396226
Estonia,EST,2000,100.0,EST,100.0,100.0,,0.0,100.0,
Estonia,EST,2011,100.0,EST,100.0,100.0,,0.0,100.0,0.0
Eswatini,SWZ,2000,82.0,SWZ,91.0,93.0,,-2.0,92.0,
Eswatini,,2006,,SWZ,88.81,93.58,,-4.769999999999996,91.195,0.0
Eswatini,,2010,,SWZ,,96.32,,,,0.0
Eswatini,,2014,,SWZ,,100.0,,,,0.0
Eswatini,SWZ,2022,90.74702,SWZ,98.55315,98.77755,,-0.22440000000000282,98.66535,10.667097560975613
Ethiopia,ETH,1994,27.0,ETH,39.0,28.0,,11.0,33.5,
Ethiopia,,2000,,ETH,49.47,27.02,,22.45,38.245,0.0
Ethiopia,ETH,2004,36.0,ETH,62.0,39.0,,23.0,50.5,33.33333333333333
Ethiopia,,2005,,ETH,60.07,34.06,,26.009999999999998,47.065,0.0
Ethiopia,ETH,2007,39.0,ETH,63.0,47.0,,16.0,55.0,8.333333333333325
Ethiopia,,2011,,ETH,65.08,43.65,,21.43,54.364999999999995,0.0
Ethiopia,ETH,2016,47.49159,ETH,79.13417,64.5676,,14.566569999999999,71.850885,21.773307692307696
Ethiopia,,2019,,ETH,,70.29423,,,,0.0
Fiji,,2021,,FJI,96.11,99.41343,,-3.303430000000006,97.76171500000001,
Gabon,GAB,1993,72.0,GAB,94.0,92.0,,2.0,93.0,
Gabon,,2012,,GAB,94.88,93.77,,1.1099999999999994,94.32499999999999,0.0
Gabon,GAB,2021,88.85834,GAB,94.95532,93.04062,,1.9146999999999963,93.99797000000001,23.414361111111106
Gambia,GMB,2000,37.0,GMB,64.0,41.0,,23.0,52.5,
Gambia,,2006,,GMB,,48.15,,,,0.0
Gambia,,2013,,GMB,78.39,65.85,,12.540000000000006,72.12,0.0
Gambia,GMB,2015,51.0,GMB,71.0,64.0,,7.0,67.5,37.83783783783783
Gambia,GMB,2018,53.1602,GMB,74.97817,67.01137,,7.966800000000006,70.99477,4.235686274509809
Gambia,GMB,2021,51.6374,GMB,72.01779,62.55218,,9.465610000000005,67.284985,-2.864549042328668
Georgia,GEO,2002,100.0,GEO,100.0,100.0,,0.0,100.0,
Georgia,,2005,,GEO,,99.9,,,,0.0
Georgia,GEO,2014,100.0,GEO,100.0,100.0,,0.0,100.0,0.0
Georgia,GEO,2017,99.0,GEO,100.0,99.0,,1.0,99.5,-1.0000000000000009
Georgia,GEO,2018,99.65366,GEO,99.9046,99.94143,,-0.03682999999999481,99.92301499999999,0.6602626262626199
Georgia,GEO,2022,100.0,GEO,100.0,100.0,,0.0,100.0,0.3475436827909739
Georgia,GEO,2023,99.55547,GEO,98.88482,99.8423,,-0.9574799999999897,99.36356,-0.44452999999999854
Ghana,GHA,2000,58.0,GHA,76.0,65.0,,11.0,70.5,
Ghana,,2003,,GHA,84.77,73.05,,11.719999999999999,78.91,0.0
Ghana,,2006,,GHA,,76.92,,,,0.0
Ghana,GHA,2010,71.0,GHA,88.0,83.0,,5.0,85.5,22.413793103448263
Ghana,,2011,,GHA,,84.6,,,,0.0
Ghana,,2014,,GHA,91.17,83.65,,7.519999999999996,87.41,0.0
Ghana,GHA,2017,64.49239,GHA,89.77029,85.2477,,4.522590000000008,87.508995,-9.165647887323946
Ghana,GHA,2021,76.48568,GHA,91.73803,91.30476,,0.43326999999999316,91.521395,18.59644215387273
Greece,GRC,1991,93.0,GRC,99.0,99.0,,0.0,99.0,
Greece,GRC,2001,96.0,GRC,99.0,99.0,,0.0,99.0,3.2258064516129004
Greece,GRC,2009,94.0,GRC,100.0,99.0,,1.0,99.5,-2.083333333333337
Guam,GUM,1990,99.0,GUM,100.0,100.0,,0.0,100.0,
Guatemala,GTM,1994,64.0,GTM,82.0,71.0,,11.0,76.5,
Guatemala,,2000,,GTM,87.7,76.3,,11.400000000000006,82.0,0.0
Guatemala,GTM,2002,69.0,GTM,86.0,78.0,,8.0,82.0,7.8125
Guatemala,,2006,,GTM,91.4,84.8,,6.6000000000000085,88.1,0.0
Guatemala,GTM,2012,78.0,GTM,95.0,92.0,,3.0,93.5,13.043478260869556
Guatemala,GTM,2013,77.0,GTM,94.0,90.0,,4.0,92.0,-1.2820512820512775
Guatemala,GTM,2014,81.0,GTM,94.9,91.9,,3.0,93.4,5.1948051948051965
Guatemala,GTM,2015,80.19509,GTM,96.67467,93.61574,,3.0589300000000037,95.145205,-0.9937160493827202
Guatemala,GTM,2018,81.0,GTM,95.0,94.0,,1.0,94.5,1.0036898767742608
Guatemala,GTM,2022,83.03117,GTM,95.85535,94.21057,,1.6447799999999972,95.03296,2.507617283950614
Guatemala,,2023,,GTM,97.3,96.7,,0.5999999999999943,97.0,0.0
Guinea,GIN,1996,21.0,GIN,44.0,13.0,,31.0,28.5,
Guinea,GIN,2003,30.0,GIN,59.0,34.0,,25.0,46.5,42.85714285714286
Guinea,,2005,,GIN,64.19,24.12,,40.06999999999999,44.155,0.0
Guinea,GIN,2010,25.0,GIN,38.0,22.0,,16.0,30.0,-16.666666666666664
Guinea,,2012,,GIN,71.69,37.24,,34.449999999999996,54.465,0.0
Guinea,GIN,2014,32.0,GIN,57.0,37.0,,20.0,47.0,28.000000000000004
Guinea,,2016,,GIN,,46.62764,,,,0.0
Guinea,GIN,2018,40.0,GIN,70.0,43.0,,27.0,56.5,25.0
Guinea-Bissau,GNB,2000,41.0,GNB,75.0,46.0,,29.0,60.5,
Guinea-Bissau,,2006,,GNB,,35.78,,,,0.0
Guinea-Bissau,,2014,,GNB,,100.0,,,,0.0
Guinea-Bissau,GNB,2019,54.88232,GNB,81.83359,68.58931,,13.244280000000003,75.21145,33.859317073170736
Guinea-Bissau,GNB,2022,63.93413,GNB,86.19711,78.26567,,7.931439999999995,82.23139,16.49312565503791
Guyana,,2006,,GUY,,100.0,,,,
Guyana,,2009,,GUY,95.71,95.91,,-0.20000000000000284,95.81,
Guyana,,2014,,GUY,,100.0,,,,
Guyana,GUY,2020,85.63835,GUY,99.26508,99.02955,,0.23552999999999713,99.14731499999999,
Haiti,HTI,2003,59.0,HTI,83.0,81.0,,2.0,82.0,
Haiti,,2012,,HTI,86.55,84.3,,2.25,85.425,0.0
Haiti,HTI,2017,68.00986,HTI,88.38471,89.32992,,-0.945210000000003,88.857315,15.270949152542368
Honduras,HND,2001,80.0,HND,89.7,92.7,,-3.0,91.2,
Honduras,,2004,,HND,90.2,91.5,,-1.2999999999999972,90.85,0.0
Honduras,,2005,,HND,89.9,93.6,,-3.6999999999999886,91.75,0.0
Honduras,HND,2007,84.0,HND,93.0,95.0,,-2.0,94.0,5.000000000000004
Honduras,,2009,,HND,92.6,95.2,,-2.6000000000000085,93.9,0.0
Honduras,HND,2010,85.0,HND,94.4,95.9,,-1.5,95.15,1.1904761904761862
Honduras,HND,2011,85.0,HND,94.9,96.9,,-2.0,95.9,0.0
Honduras,HND,2012,85.0,HND,94.0,96.0,,-2.0,95.0,0.0
Honduras,HND,2013,85.0,HND,93.9,96.3,,-2.3999999999999915,95.1,0.0
Honduras,HND,2014,87.0,HND,95.0,96.3,,-1.2999999999999972,95.65,2.35294117647058
Honduras,HND,2015,88.0,HND,95.0,97.0,,-2.0,96.0,1.1494252873563315
Honduras,HND,2016,89.0,HND,94.9,97.2,,-2.299999999999997,96.05000000000001,1.1363636363636465
Honduras,HND,2018,87.0,HND,94.9,98.2,,-3.299999999999997,96.55000000000001,-2.2471910112359605
Honduras,HND,2019,89.0,HND,94.8,97.3,,-2.5,96.05,2.298850574712641
Honduras,,2023,,HND,94.6,96.5,,-1.9000000000000057,95.55,0.0
India,IND,1991,48.0,IND,74.0,49.0,,25.0,61.5,
India,IND,2001,61.0,IND,84.0,68.0,,16.0,76.0,27.083333333333325
India,IND,2006,63.0,IND,88.0,74.0,,14.0,81.0,3.2786885245901676
India,IND,2011,69.0,IND,90.0,82.0,,8.0,86.0,9.523809523809534
India,,2016,,IND,93.55494,86.73757,,6.817369999999997,90.146255,0.0
India,,2020,,IND,99.07,90.95,,8.11999999999999,95.00999999999999,0.0
India,IND,2022,76.0,IND,97.0,96.0,,1.0,96.5,10.144927536231885
India,IND,2023,82.0,IND,98.0,96.0,,2.0,97.0,7.8947368421052655
Indonesia,IDN,1990,82.0,IDN,97.0,95.0,,2.0,96.0,
Indonesia,IDN,2004,90.0,IDN,99.0,99.0,,0.0,99.0,9.756097560975618
Indonesia,IDN,2006,92.0,IDN,97.0,96.0,,1.0,96.5,2.2222222222222143
Indonesia,IDN,2008,92.0,IDN,100.0,99.0,,1.0,99.5,0.0
Indonesia,IDN,2009,93.0,IDN,100.0,99.0,,1.0,99.5,1.0869565217391353
Indonesia,IDN,2011,93.0,IDN,99.0,99.0,,0.0,99.0,0.0
Indonesia,IDN,2014,95.0,IDN,100.0,100.0,,0.0,100.0,2.1505376344086002
Indonesia,IDN,2015,95.0,IDN,100.0,100.0,,0.0,100.0,0.0
Indonesia,IDN,2016,95.0,IDN,100.0,100.0,,0.0,100.0,0.0
Indonesia,,2017,,IDN,99.93,99.29,,0.6400000000000006,99.61000000000001,0.0
Indonesia,IDN,2018,96.0,IDN,100.0,100.0,,0.0,100.0,1.0526315789473717
Indonesia,IDN,2020,96.0,IDN,100.0,100.0,,0.0,100.0,0.0
Indonesia,,2022,,IDN,92.91,94.72,,-1.8100000000000023,93.815,0.0
Iran,IRN,1991,66.0,IRN,92.0,81.0,,11.0,86.5,
Iran,IRN,1996,73.0,IRN,96.0,91.0,,5.0,93.5,10.606060606060597
Iran,IRN,2002,77.0,,,,,,,5.47945205479452
Iran,IRN,2005,82.0,IRN,98.0,97.0,,1.0,97.5,6.493506493506485
Iran,IRN,2006,82.0,IRN,97.0,96.0,,1.0,96.5,0.0
Iran,IRN,2008,83.0,IRN,98.0,97.0,,1.0,97.5,1.2195121951219523
Iran,IRN,2012,84.0,IRN,98.0,98.0,,0.0,98.0,1.2048192771084265
Iran,IRN,2013,85.0,IRN,98.0,97.0,,1.0,97.5,1.1904761904761862
Iran,IRN,2014,85.0,IRN,98.0,98.0,,0.0,98.0,0.0
Iran,IRN,2016,86.0,IRN,98.0,98.0,,0.0,98.0,1.17647058823529
Iraq,IRQ,2000,74.0,IRQ,89.0,80.0,,9.0,84.5,
Iraq,,2006,,IRQ,,72.85,,,,0.0
Iraq,,2011,,IRQ,,71.93,,,,0.0
Iraq,IRQ,2012,77.0,IRQ,87.0,79.0,,8.0,83.0,4.054054054054057
Iraq,IRQ,2014,82.0,IRQ,92.0,86.0,,6.0,89.0,6.493506493506485
Iraq,IRQ,2016,83.0,IRQ,93.0,88.0,,5.0,90.5,1.2195121951219523
Iraq,IRQ,2017,86.0,IRQ,95.0,92.0,,3.0,93.5,3.6144578313253017
Iraq,,2018,,IRQ,,87.38115,,,,0.0
Italy,ITA,2001,98.0,ITA,100.0,100.0,,0.0,100.0,
Italy,ITA,2011,99.0,ITA,100.0,100.0,,0.0,100.0,1.0204081632652962
Italy,ITA,2019,99.0,ITA,100.0,100.0,,0.0,100.0,0.0
Jamaica,JAM,1999,80.0,JAM,87.0,96.0,,-9.0,91.5,
Jamaica,,2005,,JAM,,99.77,,,,0.0
Jamaica,,2011,,JAM,,99.72,,,,0.0
Jamaica,,2022,,JAM,88.23,99.29619,,-11.066189999999992,93.76309499999999,0.0
Jordan,JOR,2003,90.0,JOR,99.0,99.0,,0.0,99.0,
Jordan,JOR,2005,91.0,JOR,99.0,99.0,,0.0,99.0,1.1111111111111072
Jordan,JOR,2007,92.0,JOR,99.0,99.0,,0.0,99.0,1.098901098901095
Jordan,JOR,2010,93.0,JOR,99.0,99.0,,0.0,99.0,1.0869565217391353
Jordan,JOR,2011,96.0,JOR,99.0,99.0,,0.0,99.0,3.2258064516129004
Jordan,JOR,2012,98.0,JOR,99.0,99.0,,0.0,99.0,2.083333333333326
Jordan,JOR,2018,95.43145,JOR,97.42178,95.90284,,1.5189400000000006,96.66230999999999,-2.620969387755101
Jordan,JOR,2023,95.0,JOR,99.0,99.0,,0.0,99.0,-0.4521046258859074
Kazakhstan,KAZ,1999,100.0,KAZ,100.0,100.0,,0.0,100.0,
Kazakhstan,,2006,,KAZ,,100.0,,,,0.0
Kazakhstan,KAZ,2009,100.0,KAZ,100.0,100.0,,0.0,100.0,0.0
Kazakhstan,,2015,,KAZ,,100.0,,,,0.0
Kenya,KEN,2000,82.0,KEN,93.0,92.0,,1.0,92.5,
Kenya,,2014,,KEN,94.02,92.31,,1.7099999999999937,93.16499999999999,0.0
Kenya,,2022,,KEN,96.14752,95.28072,,0.8667999999999978,95.71412000000001,0.0
Kiribati,KIR,2018,97.95971,KIR,95.83073,98.50159,,-2.6708599999999905,97.16615999999999,
Kuwait,KWT,1995,78.0,KWT,94.0,90.0,,4.0,92.0,
Kuwait,KWT,2005,93.0,KWT,100.0,100.0,,0.0,100.0,19.23076923076923
Kuwait,KWT,2006,93.0,KWT,99.0,98.0,,1.0,98.5,0.0
Kuwait,KWT,2007,94.0,KWT,98.0,99.0,,-1.0,98.5,1.0752688172043001
Kuwait,KWT,2008,94.0,KWT,99.0,99.0,,0.0,99.0,0.0
Kuwait,KWT,2010,94.0,KWT,99.0,99.0,,0.0,99.0,0.0
Kuwait,KWT,2012,96.0,KWT,99.0,99.0,,0.0,99.0,2.127659574468077
Kuwait,KWT,2013,96.0,KWT,99.0,99.0,,0.0,99.0,0.0
Kuwait,KWT,2015,96.0,KWT,99.0,99.0,,0.0,99.0,0.0
Kuwait,KWT,2017,96.0,KWT,99.0,99.0,,0.0,99.0,0.0
Kuwait,KWT,2018,96.0,KWT,99.0,100.0,,-1.0,99.5,0.0
Kuwait,KWT,2020,96.0,KWT,99.0,100.0,,-1.0,99.5,0.0
Kyrgyzstan,KGZ,1999,99.0,KGZ,100.0,100.0,,0.0,100.0,
Kyrgyzstan,KGZ,2009,99.0,KGZ,100.0,100.0,,0.0,100.0,0.0
Kyrgyzstan,,2014,,KGZ,,99.79,,,,0.0
Laos,LAO,1995,60.0,LAO,79.0,64.0,,15.0,71.5,
Laos,LAO,2000,70.0,LAO,88.0,74.0,,14.0,81.0,16.666666666666675
Laos,LAO,2001,69.0,LAO,83.0,75.0,,8.0,79.0,-1.4285714285714235
Laos,LAO,2005,73.0,LAO,89.0,79.0,,10.0,84.0,5.797101449275366
Laos,,2006,,LAO,,67.08,,,,0.0
Laos,LAO,2015,85.0,LAO,94.0,91.0,,3.0,92.5,16.43835616438356
Laos,,2017,,LAO,91.20028,84.4665,,6.73378000000001,87.83339000000001,0.0
Latvia,LVA,2000,100.0,LVA,100.0,100.0,,0.0,100.0,
Latvia,LVA,2011,100.0,LVA,100.0,100.0,,0.0,100.0,0.0
Lebanon,LBN,2007,90.0,LBN,98.0,99.0,,-1.0,98.5,
Lebanon,LBN,2009,91.0,LBN,99.0,99.0,,0.0,99.0,1.1111111111111072
Lebanon,LBN,2018,93.0,LBN,98.0,96.0,,2.0,97.0,2.19780219780219
Lesotho,LSO,2000,86.0,LSO,85.0,97.0,,-12.0,91.0,
Lesotho,LSO,2006,66.0,LSO,66.0,85.0,,-19.0,75.5,-23.25581395348837
Lesotho,,2009,,LSO,82.23,94.25,,-12.019999999999996,88.24000000000001,0.0
Lesotho,,2014,,LSO,87.37,96.52,,-9.149999999999991,91.945,0.0
Lesotho,LSO,2016,97.0,LSO,97.0,100.0,,-3.0,98.5,46.96969696969697
Lesotho,LSO,2018,86.24087,LSO,92.35318,98.26914,,-5.915959999999998,95.31116,-11.091886597938139
Liberia,,2007,,LBR,77.33,51.49,,25.839999999999996,64.41,
Liberia,,2013,,LBR,83.75,63.2,,20.549999999999997,73.475,
Lithuania,LTU,2001,100.0,LTU,100.0,100.0,,0.0,100.0,
Lithuania,LTU,2011,100.0,LTU,100.0,100.0,,0.0,100.0,0.0
Macao,MAC,2001,91.0,MAC,99.0,100.0,,-1.0,99.5,
Macao,MAC,2006,93.0,MAC,100.0,100.0,,0.0,100.0,2.19780219780219
Macao,MAC,2011,96.0,MAC,100.0,100.0,,0.0,100.0,3.2258064516129004
Macao,MAC,2016,97.0,MAC,100.0,100.0,,0.0,100.0,1.041666666666674
Madagascar,MDG,2000,71.0,MDG,73.0,68.0,,5.0,70.5,
Madagascar,MDG,2005,59.0,MDG,59.0,56.0,,3.0,57.5,-16.901408450704224
Madagascar,MDG,2012,72.0,MDG,78.0,75.0,,3.0,76.5,22.033898305084755
Madagascar,MDG,2018,77.0,MDG,81.0,79.0,,2.0,80.0,6.944444444444442
Madagascar,MDG,2021,74.68614,MDG,82.52617,82.23735,,0.288819999999987,82.38176,-3.0050129870129894
Malawi,MWI,1998,64.0,MWI,82.0,71.0,,11.0,76.5,
Malawi,,2006,,MWI,,72.23,,,,0.0
Malawi,,2014,,MWI,,75.73,,,,0.0
Malawi,MWI,2020,70.15227,MWI,81.30133,80.14176,,1.159569999999988,80.72154499999999,9.612921875000001
Malaysia,MYS,1991,83.0,MYS,96.0,95.0,,1.0,95.5,
Malaysia,MYS,2000,89.0,MYS,97.0,97.0,,0.0,97.0,7.2289156626506035
Malaysia,MYS,2010,93.0,MYS,98.0,98.0,,0.0,98.0,4.494382022471921
Malaysia,MYS,2016,95.0,MYS,97.0,98.0,,-1.0,97.5,2.1505376344086002
Malaysia,MYS,2017,95.0,MYS,97.0,97.0,,0.0,97.0,0.0
Malaysia,MYS,2018,95.0,MYS,97.0,97.0,,0.0,97.0,0.0
Malaysia,MYS,2019,95.0,MYS,97.0,97.0,,0.0,97.0,0.0
Malaysia,MYS,2022,96.0,MYS,99.0,98.0,,1.0,98.5,1.0526315789473717
Maldives,MDV,1990,96.0,MDV,98.0,98.0,,0.0,98.0,
Maldives,MDV,1995,96.0,MDV,98.0,98.0,,0.0,98.0,0.0
Maldives,MDV,2000,96.0,MDV,98.0,98.0,,0.0,98.0,0.0
Maldives,MDV,2006,98.0,MDV,99.0,99.0,,0.0,99.0,2.083333333333326
Maldives,MDV,2014,99.0,MDV,99.0,99.0,,0.0,99.0,1.0204081632652962
Maldives,MDV,2016,98.0,MDV,98.0,99.0,,-1.0,98.5,-1.0101010101010055
Maldives,MDV,2017,94.50551,MDV,97.31116,99.67299,,-2.3618299999999977,98.492075,-3.565806122448978
Maldives,MDV,2019,98.21186,MDV,98.62147,98.86908,,-0.24760999999999456,98.74527499999999,3.921834822117787
Mali,MLI,1998,19.0,MLI,32.0,17.0,,15.0,24.5,
Mali,MLI,2003,24.0,,,,,,,26.315789473684205
Mali,MLI,2006,26.0,MLI,47.0,31.0,,16.0,39.0,8.333333333333325
Mali,MLI,2010,31.0,MLI,56.0,34.0,,22.0,45.0,19.23076923076923
Mali,MLI,2011,31.0,MLI,56.0,30.0,,26.0,43.0,0.0
Mali,MLI,2015,33.0,MLI,61.0,39.0,,22.0,50.0,6.451612903225801
Mali,MLI,2018,35.0,MLI,58.0,43.0,,15.0,50.5,6.060606060606055
Mali,,2020,,MLI,44.16,60.92,,-16.760000000000005,52.54,0.0
Malta,MLT,1995,88.0,MLT,94.0,98.0,,-4.0,96.0,
Malta,MLT,2005,92.0,MLT,97.0,99.0,,-2.0,98.0,4.545454545454541
Malta,MLT,2011,93.0,MLT,98.0,99.0,,-1.0,98.5,1.0869565217391353
Marshall Islands,MHL,2011,98.0,MHL,98.0,99.0,,-1.0,98.5,
Mauritania,MRT,2000,51.0,MRT,68.0,55.0,,13.0,61.5,
Mauritania,,2007,,MRT,,47.94,,,,0.0
Mauritania,,2011,,MRT,,57.65,,,,0.0
Mauritania,MRT,2013,62.0,MRT,74.0,68.0,,6.0,71.0,21.568627450980383
Mauritania,MRT,2015,65.11202,MRT,86.73236,75.69968,,11.03268,81.21602,5.019387096774186
Mauritania,MRT,2020,59.52966,MRT,75.25897,66.98027,,8.2787,71.11962,-8.573470766227187
Mauritius,MUS,1990,80.0,MUS,91.0,92.0,,-1.0,91.5,
Mauritius,MUS,2000,84.0,MUS,94.0,95.0,,-1.0,94.5,5.000000000000004
Mauritius,MUS,2011,89.0,MUS,98.0,99.0,,-1.0,98.5,5.952380952380953
Mauritius,MUS,2012,92.0,,,,,,,3.370786516853941
Mauritius,MUS,2013,91.0,,,,,,,-1.0869565217391353
Mauritius,MUS,2014,92.0,,,,,,,1.098901098901095
Mauritius,MUS,2015,93.0,,,,,,,1.0869565217391353
Mauritius,MUS,2016,93.0,,,,,,,0.0
Mexico,MEX,1990,88.0,MEX,96.0,95.0,,1.0,95.5,
Mexico,MEX,2000,91.0,MEX,97.2,97.4,,-0.20000000000000284,97.30000000000001,3.409090909090917
Mexico,MEX,2002,90.0,MEX,97.8,97.2,,0.5999999999999943,97.5,-1.098901098901095
Mexico,MEX,2004,91.0,MEX,97.1,97.5,,-0.4000000000000057,97.3,1.1111111111111072
Mexico,MEX,2005,92.0,MEX,98.0,98.0,,0.0,98.0,1.098901098901095
Mexico,MEX,2006,92.0,MEX,98.1,97.7,,0.3999999999999915,97.9,0.0
Mexico,MEX,2007,93.0,MEX,98.0,98.0,,0.0,98.0,1.0869565217391353
Mexico,MEX,2008,93.0,MEX,98.2,98.3,,-0.09999999999999432,98.25,0.0
Mexico,MEX,2009,93.0,MEX,99.0,98.0,,1.0,98.5,0.0
Mexico,MEX,2010,93.0,MEX,98.2,98.6,,-0.3999999999999915,98.4,0.0
Mexico,MEX,2011,94.0,MEX,98.0,99.0,,-1.0,98.5,1.0752688172043001
Mexico,MEX,2012,94.0,MEX,98.6,98.9,,-0.30000000000001137,98.75,0.0
Mexico,MEX,2013,94.0,MEX,99.0,99.0,,0.0,99.0,0.0
Mexico,MEX,2014,95.0,MEX,98.4,98.9,,-0.5,98.65,1.0638297872340496
Mexico,MEX,2015,94.0,MEX,99.0,99.0,,0.0,99.0,-1.0526315789473717
Mexico,MEX,2016,95.0,MEX,98.5,98.7,,-0.20000000000000284,98.6,1.0638297872340496
Mexico,MEX,2017,95.0,MEX,99.0,99.0,,0.0,99.0,0.0
Mexico,MEX,2018,95.0,MEX,98.4,98.8,,-0.3999999999999915,98.6,0.0
Mexico,MEX,2020,95.0,MEX,98.8,99.1,,-0.29999999999999716,98.94999999999999,0.0
Mexico,,2022,,MEX,98.7,99.2,,-0.5,98.95,0.0
Moldova,MDA,2000,97.0,MDA,99.0,100.0,,-1.0,99.5,
Moldova,,2005,,MDA,99.87,99.95,,-0.0799999999999983,99.91,0.0
Moldova,,2012,,MDA,100.0,99.84,,0.1599999999999966,99.92,0.0
Moldova,MDA,2014,99.0,MDA,100.0,100.0,,0.0,100.0,2.0618556701030855
Mongolia,MNG,2000,98.0,MNG,97.0,98.0,,-1.0,97.5,
Mongolia,MNG,2010,98.0,MNG,98.0,99.0,,-1.0,98.5,0.0
Mongolia,MNG,2018,96.89635,MNG,99.6363,99.42351,,0.21279000000001247,99.529905,-1.126173469387759
Mongolia,MNG,2020,99.0,MNG,99.0,99.0,,0.0,99.0,2.1710312101539397
Mongolia,MNG,2022,98.72622,MNG,99.61688,99.77098,,-0.15409999999999968,99.69393,-0.27654545454545154
Montenegro,MNE,1991,93.0,MNE,99.0,99.0,,0.0,99.0,
Montenegro,MNE,2003,98.0,MNE,99.0,99.0,,0.0,99.0,5.376344086021501
Montenegro,,2005,,MNE,,99.21,,,,0.0
Montenegro,MNE,2011,98.0,MNE,99.0,99.0,,0.0,99.0,0.0
Montenegro,,2013,,MNE,,99.76,,,,0.0
Montenegro,MNE,2018,98.5344,MNE,96.23099,98.95459,,-2.7235999999999905,97.59279000000001,0.5453061224489852
Morocco,MAR,1994,42.0,MAR,71.0,46.0,,25.0,58.5,
Morocco,MAR,2004,52.0,MAR,81.0,60.0,,21.0,70.5,23.809523809523814
Morocco,MAR,2008,55.0,MAR,86.0,70.0,,16.0,78.0,5.769230769230771
Morocco,MAR,2009,56.0,MAR,87.0,72.0,,15.0,79.5,1.8181818181818077
Morocco,MAR,2011,67.0,MAR,89.0,74.0,,15.0,81.5,19.64285714285714
Morocco,MAR,2012,69.0,MAR,94.0,88.0,,6.0,91.0,2.9850746268656803
Morocco,MAR,2014,76.0,,,,,,,10.144927536231885
Mozambique,MOZ,1997,39.0,MOZ,59.0,37.0,,22.0,48.0,
Mozambique,MOZ,2003,48.0,MOZ,74.0,50.0,,24.0,62.0,23.076923076923084
Mozambique,,2008,,MOZ,,39.45,,,,0.0
Mozambique,MOZ,2009,51.0,MOZ,80.0,57.0,,23.0,68.5,6.25
Mozambique,MOZ,2015,56.0,MOZ,79.0,63.0,,16.0,71.0,9.80392156862746
Mozambique,MOZ,2017,61.0,MOZ,77.0,65.0,,12.0,71.0,8.92857142857142
Mozambique,MOZ,2020,60.0,MOZ,76.0,65.0,,11.0,70.5,-1.6393442622950838
Myanmar,MMR,2000,90.0,MMR,96.0,93.0,,3.0,94.5,
Myanmar,MMR,2014,90.0,MMR,94.0,94.0,,0.0,94.0,0.0
Myanmar,,2016,,MMR,91.15811,89.64611,,1.5120000000000005,90.40211,0.0
Myanmar,MMR,2019,89.0,MMR,95.0,96.0,,-1.0,95.5,-1.1111111111111072
Namibia,NAM,1991,76.0,NAM,86.0,90.0,,-4.0,88.0,
Namibia,,2000,,NAM,88.26,90.65,,-2.3900000000000006,89.45500000000001,0.0
Namibia,NAM,2001,85.0,NAM,91.0,94.0,,-3.0,92.5,11.842105263157897
Namibia,,2007,,NAM,88.77,93.54,,-4.77000000000001,91.155,0.0
Namibia,NAM,2011,88.0,NAM,93.0,95.0,,-2.0,94.0,3.529411764705892
Namibia,,2013,,NAM,92.08,96.09,,-4.010000000000005,94.08500000000001,0.0
Nauru,NRU,2023,96.58654,,,,,,,
Nepal,NPL,1991,33.0,NPL,68.0,33.0,,35.0,50.5,
Nepal,NPL,2001,49.0,NPL,81.0,60.0,,21.0,70.5,48.484848484848484
Nepal,,2006,,NPL,94.24,75.51,,18.72999999999999,84.875,0.0
Nepal,NPL,2011,60.0,NPL,90.0,80.0,,10.0,85.0,22.44897959183674
Nepal,NPL,2016,65.50101,NPL,94.43616,84.58498,,9.85118,89.51057,9.16834999999998
Nepal,NPL,2019,68.7125,NPL,96.80686,92.07302,,4.733840000000001,94.43994,4.9029625650047315
Nepal,,2022,,NPL,97.16,89.2,,7.959999999999994,93.18,0.0
New Caledonia,NCL,1996,96.0,NCL,99.0,99.0,,0.0,99.0,
Nicaragua,NIC,2001,77.0,NIC,85.3,89.4,,-4.1000000000000085,87.35,
Nicaragua,NIC,2005,78.0,NIC,89.4,92.7,,-3.299999999999997,91.05000000000001,1.298701298701288
Nicaragua,,2009,,NIC,92.6,94.8,,-2.200000000000003,93.69999999999999,0.0
Nicaragua,,2014,,NIC,94.1,96.6,,-2.5,95.35,0.0
Niger,NER,2001,14.0,NER,26.0,14.0,,12.0,20.0,
Niger,NER,2005,29.0,NER,52.0,23.0,,29.0,37.5,107.14285714285717
Niger,,2006,,NER,33.02,11.17,,21.85,22.095000000000002,0.0
Niger,NER,2012,31.0,NER,49.0,32.0,,17.0,40.5,6.896551724137923
Niger,NER,2018,33.04745,NER,56.88975,36.36699,,20.522759999999998,46.628370000000004,6.604677419354821
Niger,NER,2022,35.60971,NER,63.96316,44.7403,,19.222860000000004,54.35173,7.753275971368456
Nigeria,NGA,1991,55.0,NGA,81.0,62.0,,19.0,71.5,
Nigeria,NGA,2003,55.0,NGA,78.0,61.0,,17.0,69.5,0.0
Nigeria,NGA,2006,70.0,NGA,83.0,75.0,,8.0,79.0,27.27272727272727
Nigeria,,2007,,NGA,,70.18,,,,0.0
Nigeria,,2008,,NGA,78.5,51.6,,26.9,65.05,0.0
Nigeria,,2011,,NGA,,79.84,,,,0.0
Nigeria,,2013,,NGA,86.17,70.75,,15.420000000000002,78.46000000000001,0.0
Nigeria,NGA,2016,58.22134,NGA,78.43424,67.12351,,11.310730000000007,72.778875,-16.826657142857147
Nigeria,,2018,,NGA,71.80612,60.39587,,11.410250000000005,66.10099500000001,0.0
Nigeria,NGA,2021,63.15554,NGA,77.77638,69.04957,,8.72681,73.412975,8.474899409735336
North Korea,PRK,2008,100.0,PRK,100.0,100.0,,0.0,100.0,
North Macedonia,MKD,1994,94.0,MKD,99.0,99.0,,0.0,99.0,
North Macedonia,MKD,2002,96.0,MKD,99.0,98.0,,1.0,98.5,2.127659574468077
North Macedonia,,2005,,MKD,,98.69,,,,0.0
North Macedonia,,2011,,MKD,,99.36,,,,0.0
North Macedonia,,2018,,MKD,,98.74764,,,,0.0
Oman,OMN,2003,66.0,OMN,66.0,85.0,,-19.0,75.5,
Oman,OMN,2008,87.0,OMN,98.0,98.0,,0.0,98.0,31.818181818181813
Oman,OMN,2010,87.0,OMN,97.0,98.0,,-1.0,97.5,0.0
Oman,OMN,2015,93.0,OMN,99.0,99.0,,0.0,99.0,6.896551724137923
Oman,OMN,2017,96.0,OMN,98.0,99.0,,-1.0,98.5,3.2258064516129004
Oman,OMN,2018,96.0,OMN,98.0,99.0,,-1.0,98.5,0.0
Oman,OMN,2020,97.0,OMN,100.0,100.0,,0.0,100.0,1.041666666666674
Oman,OMN,2022,97.0,OMN,100.0,100.0,,0.0,100.0,0.0
Pakistan,PAK,1998,43.0,PAK,67.0,43.0,,24.0,55.0,
Pakistan,PAK,2005,50.0,PAK,77.0,53.0,,24.0,65.0,16.279069767441868
Pakistan,PAK,2006,54.0,PAK,79.0,58.0,,21.0,68.5,8.000000000000007
Pakistan,PAK,2007,52.0,PAK,75.0,57.0,,18.0,66.0,-3.703703703703709
Pakistan,PAK,2008,56.0,PAK,79.0,61.0,,18.0,70.0,7.692307692307687
Pakistan,PAK,2009,55.0,PAK,79.0,61.0,,18.0,70.0,-1.7857142857142905
Pakistan,PAK,2010,55.0,PAK,80.0,62.0,,18.0,71.0,0.0
Pakistan,PAK,2011,55.0,PAK,78.0,63.0,,15.0,70.5,0.0
Pakistan,PAK,2012,57.0,PAK,80.0,64.0,,16.0,72.0,3.6363636363636376
Pakistan,PAK,2013,56.0,PAK,79.0,63.0,,16.0,71.0,-1.7543859649122862
Pakistan,PAK,2014,57.0,PAK,80.0,66.0,,14.0,73.0,1.7857142857142794
Pakistan,PAK,2017,59.0,PAK,81.0,68.0,,13.0,74.5,3.5087719298245723
Pakistan,PAK,2018,57.0,PAK,80.0,64.0,,16.0,72.0,-3.3898305084745783
Pakistan,PAK,2019,58.0,PAK,80.0,65.0,,15.0,72.5,1.7543859649122862
Pakistan,PAK,2021,58.8561,PAK,79.45763,66.52292,,12.934709999999995,72.990275,1.4760344827586147
Palau,PLW,2013,100.0,PLW,100.0,100.0,,0.0,100.0,
Palau,PLW,2015,97.0,PLW,98.0,99.0,,-1.0,98.5,-3.0000000000000027
Palestine,PSE,1997,86.0,PSE,97.0,97.0,,0.0,97.0,
Palestine,PSE,2004,92.0,PSE,99.0,99.0,,0.0,99.0,6.976744186046502
Palestine,PSE,2006,93.0,PSE,99.0,99.0,,0.0,99.0,1.0869565217391353
Palestine,PSE,2007,94.0,PSE,99.0,99.0,,0.0,99.0,1.0752688172043001
Palestine,PSE,2008,94.0,PSE,99.0,99.0,,0.0,99.0,0.0
Palestine,PSE,2009,94.0,PSE,99.0,99.0,,0.0,99.0,0.0
Palestine,PSE,2010,95.0,PSE,99.0,99.0,,0.0,99.0,1.0638297872340496
Palestine,PSE,2011,95.0,PSE,99.0,99.0,,0.0,99.0,0.0
Palestine,PSE,2012,96.0,PSE,99.0,99.0,,0.0,99.0,1.0526315789473717
Palestine,PSE,2013,96.0,PSE,99.0,99.0,,0.0,99.0,0.0
Palestine,PSE,2014,96.0,PSE,99.0,99.0,,0.0,99.0,0.0
Palestine,PSE,2015,96.0,PSE,99.0,99.0,,0.0,99.0,0.0
Palestine,PSE,2016,97.0,PSE,99.0,99.0,,0.0,99.0,1.041666666666674
Palestine,PSE,2017,97.0,PSE,99.0,99.0,,0.0,99.0,0.0
Palestine,PSE,2018,97.0,PSE,99.0,99.0,,0.0,99.0,0.0
Palestine,PSE,2019,97.0,PSE,99.0,99.0,,0.0,99.0,0.0
Palestine,PSE,2020,98.0,PSE,99.0,99.0,,0.0,99.0,1.0309278350515427
Palestine,PSE,2022,98.0,PSE,99.0,99.0,,0.0,99.0,0.0
Panama,PAN,1990,89.0,PAN,95.0,95.0,,0.0,95.0,
Panama,PAN,2000,92.0,PAN,97.0,96.0,,1.0,96.5,3.370786516853941
Panama,PAN,2010,94.0,PAN,98.0,97.0,,1.0,97.5,2.1739130434782705
Panama,,2014,,PAN,98.4,97.6,,0.8000000000000114,98.0,0.0
Panama,,2015,,PAN,98.4,98.1,,0.30000000000001137,98.25,0.0
Panama,,2016,,PAN,99.1,98.4,,0.6999999999999886,98.75,0.0
Panama,,2017,,PAN,99.3,98.8,,0.5,99.05,0.0
Panama,PAN,2018,95.0,PAN,99.3,98.9,,0.3999999999999915,99.1,1.0638297872340496
Panama,PAN,2019,96.0,PAN,98.9,98.9,,0.0,98.9,1.0526315789473717
Panama,,2021,,PAN,99.3,99.2,,0.09999999999999432,99.25,0.0
Panama,,2022,,PAN,99.4,99.3,,0.10000000000000853,99.35,0.0
Panama,,2023,,PAN,98.8,98.9,,-0.10000000000000853,98.85,0.0
Papua New Guinea,PNG,2000,57.0,PNG,69.0,64.0,,5.0,66.5,
Papua New Guinea,PNG,2017,70.06368,PNG,87.25939,78.08662,,9.17277,82.67300499999999,22.918736842105282
Paraguay,PRY,1992,90.0,PRY,96.0,95.0,,1.0,95.5,
Paraguay,,2001,,PRY,95.7,95.6,,0.10000000000000853,95.65,0.0
Paraguay,,2002,,PRY,97.6,97.3,,0.29999999999999716,97.44999999999999,0.0
Paraguay,,2003,,PRY,97.3,97.5,,-0.20000000000000284,97.4,0.0
Paraguay,,2004,,PRY,97.3,97.2,,0.09999999999999432,97.25,0.0
Paraguay,,2005,,PRY,97.6,98.1,,-0.5,97.85,0.0
Paraguay,,2006,,PRY,98.4,97.9,,0.5,98.15,0.0
Paraguay,PRY,2007,95.0,PRY,98.6,98.8,,-0.20000000000000284,98.69999999999999,5.555555555555558
Paraguay,PRY,2008,93.0,PRY,97.6,98.2,,-0.6000000000000085,97.9,-2.1052631578947323
Paraguay,PRY,2009,94.0,PRY,98.0,99.0,,-1.0,98.5,1.0752688172043001
Paraguay,PRY,2010,94.0,PRY,98.5,98.6,,-0.09999999999999432,98.55,0.0
Paraguay,,2011,,PRY,98.3,98.7,,-0.4000000000000057,98.5,0.0
Paraguay,PRY,2012,94.0,PRY,98.3,98.1,,0.20000000000000284,98.19999999999999,0.0
Paraguay,PRY,2013,95.0,PRY,98.6,99.2,,-0.6000000000000085,98.9,1.0638297872340496
Paraguay,PRY,2014,95.0,PRY,99.0,98.5,,0.5,98.75,0.0
Paraguay,PRY,2015,96.0,PRY,98.4,99.0,,-0.5999999999999943,98.7,1.0526315789473717
Paraguay,PRY,2016,95.0,PRY,98.2,98.7,,-0.5,98.45,-1.041666666666663
Paraguay,,2017,,PRY,97.7,98.9,,-1.2000000000000028,98.30000000000001,0.0
Paraguay,PRY,2018,94.0,PRY,97.7,98.9,,-1.2000000000000028,98.30000000000001,-1.0526315789473717
Paraguay,PRY,2019,93.0,PRY,98.0,98.7,,-0.7000000000000028,98.35,-1.0638297872340385
Paraguay,PRY,2020,95.0,PRY,98.6,98.7,,-0.10000000000000853,98.65,2.1505376344086002
Paraguay,,2021,,PRY,98.1,99.2,,-1.1000000000000085,98.65,0.0
Paraguay,,2022,,PRY,98.5,98.8,,-0.29999999999999716,98.65,0.0
Paraguay,,2023,,PRY,98.8,99.0,,-0.20000000000000284,98.9,0.0
Peru,PER,1993,87.0,PER,97.0,94.0,,3.0,95.5,
Peru,,2000,,PER,99.1,96.1,,3.0,97.6,0.0
Peru,,2001,,PER,98.2,96.1,,2.1000000000000085,97.15,0.0
Peru,,2002,,PER,97.6,95.9,,1.6999999999999886,96.75,0.0
Peru,,2003,,PER,97.6,96.0,,1.5999999999999943,96.8,0.0
Peru,PER,2004,88.0,PER,98.4,96.3,,2.1000000000000085,97.35,1.1494252873563315
Peru,PER,2005,88.0,PER,98.1,96.8,,1.2999999999999972,97.44999999999999,0.0
Peru,PER,2006,89.0,PER,98.6,97.3,,1.2999999999999972,97.94999999999999,1.1363636363636465
Peru,PER,2007,90.0,PER,98.1,97.0,,1.0999999999999943,97.55,1.1235955056179803
Peru,,2008,,PER,98.2,97.5,,0.7000000000000028,97.85,0.0
Peru,,2009,,PER,98.7,97.9,,0.7999999999999972,98.30000000000001,0.0
Peru,,2010,,PER,98.6,98.0,,0.5999999999999943,98.3,0.0
Peru,,2011,,PER,98.6,98.3,,0.29999999999999716,98.44999999999999,0.0
Peru,PER,2012,94.0,PER,98.7,98.7,,0.0,98.7,4.444444444444451
Peru,,2013,,PER,98.9,98.9,,0.0,98.9,0.0
Peru,PER,2014,94.0,PER,99.2,98.8,,0.4000000000000057,99.0,0.0
Peru,PER,2015,94.0,PER,99.3,98.8,,0.5,99.05,0.0
Peru,PER,2016,94.0,PER,99.1,98.8,,0.29999999999999716,98.94999999999999,0.0
Peru,PER,2017,94.0,PER,99.3,98.9,,0.3999999999999915,99.1,0.0
Peru,PER,2018,94.0,PER,99.1,99.0,,0.09999999999999432,99.05,0.0
Peru,,2019,,PER,99.1,99.1,,0.0,99.1,0.0
Peru,PER,2020,94.0,PER,99.6,99.4,,0.19999999999998863,99.5,0.0
Peru,,2021,,PER,99.1,99.2,,-0.10000000000000853,99.15,0.0
Peru,,2022,,PER,99.3,99.3,,0.0,99.3,0.0
Peru,,2023,,PER,99.3,99.4,,-0.10000000000000853,99.35,0.0
Philippines,PHL,1990,94.0,PHL,96.0,97.0,,-1.0,96.5,
Philippines,PHL,1994,94.0,PHL,96.0,96.0,,0.0,96.0,0.0
Philippines,PHL,2000,93.0,PHL,94.0,96.0,,-2.0,95.0,-1.0638297872340385
Philippines,PHL,2003,93.0,PHL,94.0,97.0,,-3.0,95.5,0.0
Philippines,PHL,2008,95.0,PHL,97.0,98.0,,-1.0,97.5,2.1505376344086002
Philippines,PHL,2013,96.0,PHL,97.0,99.0,,-2.0,98.0,1.0526315789473717
Philippines,PHL,2015,98.0,PHL,99.0,99.0,,0.0,99.0,2.083333333333326
Philippines,,2017,,PHL,100.0,100.0,,0.0,100.0,0.0
Philippines,PHL,2019,96.0,PHL,98.0,99.0,,-1.0,98.5,-2.0408163265306145
Philippines,PHL,2020,98.0,PHL,99.0,99.0,,0.0,99.0,2.083333333333326
Philippines,,2022,,PHL,100.0,99.51506,,0.4849399999999946,99.75753,0.0
Portugal,PRT,1991,88.0,PRT,99.0,99.0,,0.0,99.0,
Portugal,PRT,2011,94.0,PRT,99.0,99.0,,0.0,99.0,6.818181818181812
Puerto Rico,PRI,1990,90.0,PRI,92.0,94.0,,-2.0,93.0,
Puerto Rico,PRI,2010,92.0,PRI,99.0,99.0,,0.0,99.0,2.2222222222222143
Puerto Rico,PRI,2017,92.0,PRI,92.0,92.0,,0.0,92.0,0.0
Qatar,QAT,1997,83.0,QAT,94.0,96.0,,-2.0,95.0,
Qatar,QAT,2004,89.0,QAT,95.0,98.0,,-3.0,96.5,7.2289156626506035
Qatar,QAT,2007,93.0,QAT,99.0,99.0,,0.0,99.0,4.494382022471921
Qatar,QAT,2008,94.0,QAT,95.0,97.0,,-2.0,96.0,1.0752688172043001
Qatar,QAT,2009,95.0,QAT,98.0,98.0,,0.0,98.0,1.0638297872340496
Qatar,QAT,2010,96.0,QAT,96.0,98.0,,-2.0,97.0,1.0526315789473717
Qatar,QAT,2011,96.0,QAT,98.0,99.0,,-1.0,98.5,0.0
Qatar,QAT,2012,97.0,QAT,99.0,100.0,,-1.0,99.5,1.041666666666674
Qatar,QAT,2013,97.0,QAT,99.0,99.0,,0.0,99.0,0.0
Qatar,QAT,2014,98.0,QAT,98.0,100.0,,-2.0,99.0,1.0309278350515427
Romania,ROU,1992,97.0,ROU,99.0,99.0,,0.0,99.0,
Romania,ROU,2002,97.0,ROU,98.0,98.0,,0.0,98.0,0.0
Romania,ROU,2011,99.0,ROU,99.0,99.0,,0.0,99.0,2.0618556701030855
Romania,ROU,2021,99.0,ROU,100.0,100.0,,0.0,100.0,0.0
Russia,RUS,2002,99.0,RUS,100.0,100.0,,0.0,100.0,
Russia,RUS,2010,100.0,RUS,100.0,100.0,,0.0,100.0,1.0101010101010166
Russia,RUS,2021,100.0,RUS,100.0,100.0,,0.0,100.0,0.0
Rwanda,RWA,1991,58.0,,,,,,,
Rwanda,RWA,2000,65.0,RWA,79.0,77.0,,2.0,78.0,12.06896551724137
Rwanda,,2005,,RWA,72.72,68.21,,4.510000000000005,70.465,0.0
Rwanda,,2010,,RWA,80.31,80.06,,0.25,80.185,0.0
Rwanda,RWA,2012,68.0,RWA,81.0,83.0,,-2.0,82.0,4.615384615384621
Rwanda,RWA,2014,71.0,RWA,84.0,86.0,,-2.0,85.0,4.4117647058823595
Rwanda,,2015,,RWA,87.92002,89.17011,,-1.2500900000000001,88.545065,0.0
Rwanda,RWA,2018,73.0,RWA,84.0,89.0,,-5.0,86.5,2.8169014084507005
Rwanda,RWA,2020,80.05086,RWA,90.36046,92.69652,,-2.3360600000000034,91.52849,9.658712328767116
Rwanda,RWA,2022,79.0,RWA,88.0,92.0,,-4.0,90.0,-1.3127404252746278
Saint Helena,SHN,1998,97.0,SHN,99.0,100.0,,-1.0,99.5,
Saint Lucia,,2012,,LCA,100.0,99.96,,0.04000000000000625,99.97999999999999,
Samoa,WSM,1991,98.0,WSM,99.0,99.0,,0.0,99.0,
Samoa,WSM,2011,99.0,WSM,99.0,99.0,,0.0,99.0,1.0204081632652962
Samoa,WSM,2016,99.0,WSM,100.0,100.0,,0.0,100.0,0.0
Samoa,WSM,2019,97.99026,WSM,98.54096,99.55731,,-1.0163500000000028,99.049135,-1.0199393939393842
San Marino,SMR,2022,100.0,SMR,100.0,100.0,,0.0,100.0,
Sao Tome and Principe,STP,1991,73.0,STP,96.0,92.0,,4.0,94.0,
Sao Tome and Principe,STP,2001,85.0,STP,96.0,95.0,,1.0,95.5,16.43835616438356
Sao Tome and Principe,STP,2012,90.0,STP,97.0,96.0,,1.0,96.5,5.882352941176472
Sao Tome and Principe,,2014,,STP,,100.0,,,,0.0
Sao Tome and Principe,STP,2019,87.43846,STP,95.85022,95.07206,,0.7781599999999997,95.46114,-2.8461555555555518
Saudi Arabia,SAU,1992,71.0,SAU,94.0,81.0,,13.0,87.5,
Saudi Arabia,SAU,2000,79.0,SAU,98.0,94.0,,4.0,96.0,11.267605633802823
Saudi Arabia,SAU,2004,83.0,SAU,97.0,95.0,,2.0,96.0,5.063291139240511
Saudi Arabia,SAU,2013,94.0,SAU,99.0,99.0,,0.0,99.0,13.25301204819278
Saudi Arabia,SAU,2017,95.0,SAU,99.0,99.0,,0.0,99.0,1.0638297872340496
Saudi Arabia,SAU,2020,98.0,SAU,100.0,99.0,,1.0,99.5,3.157894736842115
Senegal,SEN,2002,39.0,SEN,58.0,41.0,,17.0,49.5,
Senegal,,2005,,SEN,57.43,34.01,,23.42,45.72,0.0
Senegal,SEN,2006,42.0,SEN,58.0,45.0,,13.0,51.5,7.692307692307687
Senegal,SEN,2009,48.0,SEN,72.0,55.0,,17.0,63.5,14.28571428571428
Senegal,SEN,2011,52.0,SEN,74.0,59.0,,15.0,66.5,8.333333333333325
Senegal,SEN,2013,44.0,SEN,63.0,51.0,,12.0,57.0,-15.384615384615385
Senegal,,2014,,SEN,63.45,51.06,,12.39,57.255,0.0
Senegal,SEN,2015,43.59273,SEN,65.78748,56.87536,,8.912120000000002,61.33142,-0.9256136363636314
Senegal,SEN,2016,46.09964,SEN,69.407,59.88586,,9.521139999999995,64.64643,5.750752476387677
Senegal,SEN,2017,52.0,SEN,76.0,64.0,,12.0,70.0,12.799145503088516
Senegal,SEN,2018,46.60591,SEN,66.22319,65.68582,,0.5373699999999957,65.95450500000001,-10.37325
Senegal,SEN,2019,46.83367,SEN,68.82227,64.02553,,4.79674,66.4239,0.4886933867400023
Senegal,SEN,2023,50.35582,SEN,69.2685,65.59709,,3.6714100000000087,67.432795,7.520550919883084
Serbia,SRB,2003,96.0,SRB,99.0,99.0,,0.0,99.0,
Serbia,,2005,,SRB,,99.63,,,,0.0
Serbia,SRB,2011,98.0,SRB,99.0,99.0,,0.0,99.0,2.083333333333326
Serbia,,2014,,SRB,,99.83,,,,0.0
Serbia,SRB,2016,99.0,SRB,100.0,100.0,,0.0,100.0,1.0204081632652962
Serbia,SRB,2019,99.0,SRB,100.0,100.0,,0.0,100.0,0.0
Seychelles,SYC,1994,88.0,SYC,98.0,99.0,,-1.0,98.5,
Seychelles,SYC,2002,92.0,SYC,99.0,99.0,,0.0,99.0,4.545454545454541
Seychelles,SYC,2010,94.0,SYC,99.0,99.0,,0.0,99.0,2.1739130434782705
Sierra Leone,SLE,2004,35.0,SLE,60.0,37.0,,23.0,48.5,
Sierra Leone,,2005,,SLE,,37.15,,,,0.0
Sierra Leone,,2008,,SLE,73.58,41.3,,32.28,57.44,0.0
Sierra Leone,,2010,,SLE,,49.46,,,,0.0
Sierra Leone,,2013,,SLE,79.69,57.34,,22.349999999999994,68.515,0.0
Sierra Leone,SLE,2017,44.83318,SLE,78.74271,68.66314,,10.079570000000004,73.702925,28.0948
Sierra Leone,SLE,2019,43.57778,SLE,78.1976,67.86192,,10.335679999999996,73.02976,-2.800158275634257
Singapore,SGP,1990,89.0,SGP,99.0,99.0,,0.0,99.0,
Singapore,SGP,2000,93.0,SGP,99.0,100.0,,-1.0,99.5,4.494382022471921
Singapore,SGP,2010,96.0,SGP,100.0,100.0,,0.0,100.0,3.2258064516129004
Singapore,SGP,2011,96.0,SGP,100.0,100.0,,0.0,100.0,0.0
Singapore,SGP,2012,96.0,SGP,100.0,100.0,,0.0,100.0,0.0
Singapore,SGP,2013,97.0,SGP,100.0,100.0,,0.0,100.0,1.041666666666674
Singapore,SGP,2014,97.0,SGP,100.0,100.0,,0.0,100.0,0.0
Singapore,SGP,2015,97.0,SGP,100.0,100.0,,0.0,100.0,0.0
Singapore,SGP,2016,97.0,SGP,100.0,100.0,,0.0,100.0,0.0
Singapore,SGP,2017,97.0,SGP,100.0,100.0,,0.0,100.0,0.0
Singapore,SGP,2018,97.0,SGP,100.0,100.0,,0.0,100.0,0.0
Singapore,SGP,2019,97.0,SGP,100.0,100.0,,0.0,100.0,0.0
Singapore,SGP,2020,97.0,SGP,100.0,100.0,,0.0,100.0,0.0
Singapore,SGP,2021,98.0,SGP,100.0,100.0,,0.0,100.0,1.0309278350515427
Slovenia,SVN,1991,100.0,SVN,100.0,100.0,,0.0,100.0,
Solomon Islands,SLB,1999,77.0,,,,,,,
Somalia,,2006,,SOM,,23.79,,,,
Somalia,SOM,2022,54.0,SOM,76.0,65.0,,11.0,70.5,
South Africa,ZAF,1996,82.0,ZAF,93.0,94.0,,-1.0,93.5,
South Africa,ZAF,2007,89.0,ZAF,97.0,98.0,,-1.0,97.5,8.536585365853666
South Africa,ZAF,2009,93.0,ZAF,98.0,99.0,,-1.0,98.5,4.494382022471921
South Africa,ZAF,2010,93.0,ZAF,98.0,99.0,,-1.0,98.5,0.0
South Africa,ZAF,2011,93.0,ZAF,98.0,99.0,,-1.0,98.5,0.0
South Africa,ZAF,2012,94.0,ZAF,98.0,99.0,,-1.0,98.5,1.0752688172043001
South Africa,ZAF,2014,94.0,ZAF,99.0,99.0,,0.0,99.0,0.0
South Africa,ZAF,2015,94.0,ZAF,99.0,99.0,,0.0,99.0,0.0
South Africa,ZAF,2016,91.73724,ZAF,95.83106,97.71958,,-1.8885199999999998,96.77532,-2.407191489361704
South Africa,ZAF,2017,87.0,ZAF,94.0,97.0,,-3.0,95.5,-5.163922524811082
South Africa,ZAF,2019,95.0,ZAF,98.0,99.0,,-1.0,98.5,9.195402298850585
South Africa,ZAF,2021,90.0,ZAF,96.0,97.0,,-1.0,96.5,-5.263157894736848
South Korea,KOR,2008,98.0,KOR,100.0,100.0,,0.0,100.0,
South Sudan,SSD,2008,27.0,SSD,44.0,30.0,,14.0,37.0,
South Sudan,,2010,,SSD,,24.87,,,,0.0
Spain,ESP,1991,96.0,ESP,100.0,100.0,,0.0,100.0,
Spain,ESP,2004,97.0,ESP,100.0,100.0,,0.0,100.0,1.041666666666674
Spain,ESP,2005,98.0,ESP,100.0,100.0,,0.0,100.0,1.0309278350515427
Spain,ESP,2006,98.0,ESP,100.0,99.0,,1.0,99.5,0.0
Spain,ESP,2007,98.0,ESP,100.0,100.0,,0.0,100.0,0.0
Spain,ESP,2008,98.0,ESP,100.0,100.0,,0.0,100.0,0.0
Spain,ESP,2009,98.0,ESP,100.0,100.0,,0.0,100.0,0.0
Spain,ESP,2010,98.0,ESP,100.0,100.0,,0.0,100.0,0.0
Spain,ESP,2011,98.0,ESP,100.0,100.0,,0.0,100.0,0.0
Spain,ESP,2012,98.0,ESP,100.0,100.0,,0.0,100.0,0.0
Spain,ESP,2013,98.0,ESP,100.0,100.0,,0.0,100.0,0.0
Spain,ESP,2014,98.0,ESP,100.0,100.0,,0.0,100.0,0.0
Spain,ESP,2015,98.0,ESP,100.0,100.0,,0.0,100.0,0.0
Spain,ESP,2016,98.0,ESP,100.0,100.0,,0.0,100.0,0.0
Spain,ESP,2018,98.0,ESP,100.0,100.0,,0.0,100.0,0.0
Spain,ESP,2020,99.0,ESP,99.0,100.0,,-1.0,99.5,1.0204081632652962
Spain,ESP,2021,100.0,ESP,100.0,100.0,,0.0,100.0,1.0101010101010166
Sri Lanka,LKA,2001,91.0,LKA,95.0,96.0,,-1.0,95.5,
Sri Lanka,LKA,2006,91.0,LKA,97.0,98.0,,-1.0,97.5,0.0
Sri Lanka,LKA,2008,91.0,LKA,97.0,99.0,,-2.0,98.0,0.0
Sri Lanka,LKA,2010,91.0,LKA,98.0,99.0,,-1.0,98.5,0.0
Sri Lanka,LKA,2016,92.0,LKA,98.0,99.0,,-1.0,98.5,1.098901098901095
Sri Lanka,LKA,2017,92.0,LKA,99.0,99.0,,0.0,99.0,0.0
Sri Lanka,LKA,2018,92.0,LKA,99.0,99.0,,0.0,99.0,0.0
Sri Lanka,LKA,2019,92.0,LKA,99.0,99.0,,0.0,99.0,0.0
Sri Lanka,LKA,2020,92.0,LKA,99.0,99.0,,0.0,99.0,0.0
Sri Lanka,LKA,2021,92.0,LKA,99.0,99.0,,0.0,99.0,0.0
Sri Lanka,LKA,2022,92.0,LKA,98.0,99.0,,-1.0,98.5,0.0
Sri Lanka,LKA,2023,93.0,LKA,99.0,99.0,,0.0,99.0,1.0869565217391353
Sudan,SDN,2000,61.0,SDN,86.0,72.0,,14.0,79.0,
Sudan,SDN,2008,54.0,SDN,69.0,63.0,,6.0,66.0,-11.475409836065575
Sudan,,2010,,SDN,,64.81,,,,0.0
Sudan,,2014,,SDN,,100.0,,,,0.0
Suriname,SUR,2004,90.0,SUR,96.0,94.0,,2.0,95.0,
Suriname,,2006,,SUR,,94.92,,,,0.0
Suriname,SUR,2008,95.0,SUR,99.0,99.0,,0.0,99.0,5.555555555555558
Suriname,SUR,2010,95.0,SUR,98.0,99.0,,-1.0,98.5,0.0
Suriname,SUR,2012,93.0,SUR,98.0,97.0,,1.0,97.5,-2.1052631578947323
Suriname,,2018,,SUR,97.44166,97.9577,,-0.5160400000000038,97.69968,0.0
Syria,SYR,2002,83.0,SYR,97.0,93.0,,4.0,95.0,
Syria,SYR,2004,81.0,SYR,95.0,90.0,,5.0,92.5,-2.409638554216864
Syria,,2006,,SYR,,89.05,,,,0.0
Syria,SYR,2021,94.0,SYR,98.0,98.0,,0.0,98.0,16.049382716049386
Tajikistan,TJK,2000,99.0,TJK,100.0,100.0,,0.0,100.0,
Tajikistan,,2012,,TJK,,100.0,,,,0.0
Tajikistan,,2017,,TJK,100.0,96.42241,,3.5775900000000007,98.211205,0.0
Tanzania,TZA,2002,69.0,TZA,81.0,76.0,,5.0,78.5,
Tanzania,TZA,2012,78.0,TZA,87.0,85.0,,2.0,86.0,13.043478260869556
Tanzania,TZA,2015,78.0,TZA,87.0,85.0,,2.0,86.0,0.0
Tanzania,,2022,,TZA,88.81121,85.12921,,3.682000000000002,86.97021000000001,0.0
Thailand,THA,2000,93.0,THA,98.0,98.0,,0.0,98.0,
Thailand,THA,2005,94.0,THA,98.0,98.0,,0.0,98.0,1.0752688172043001
Thailand,THA,2010,96.0,THA,97.0,97.0,,0.0,97.0,2.127659574468077
Thailand,THA,2013,94.0,THA,98.0,99.0,,-1.0,98.5,-2.083333333333337
Thailand,THA,2015,93.0,THA,98.0,98.0,,0.0,98.0,-1.0638297872340385
Thailand,THA,2016,91.9814,THA,97.36126,97.63726,,-0.27599999999999625,97.49925999999999,-1.095268817204309
Thailand,THA,2018,94.0,THA,98.0,99.0,,-1.0,98.5,2.194574120420012
Thailand,THA,2019,91.26915,THA,98.46694,98.57724,,-0.11030000000000939,98.52208999999999,-2.905159574468086
Thailand,THA,2022,91.09987,THA,97.94499,98.42796,,-0.48296999999999457,98.186475,-0.18547340475943974
Togo,TGO,2000,53.0,TGO,84.0,64.0,,20.0,74.0,
Togo,TGO,2006,57.0,TGO,85.0,68.0,,17.0,76.5,7.547169811320753
Togo,TGO,2009,57.0,TGO,88.0,75.0,,13.0,81.5,0.0
Togo,,2010,,TGO,,51.42,,,,0.0
Togo,TGO,2011,60.0,TGO,87.0,73.0,,14.0,80.0,5.263157894736836
Togo,,2014,,TGO,88.61,67.68,,20.929999999999993,78.14500000000001,0.0
Togo,TGO,2015,64.0,TGO,90.0,78.0,,12.0,84.0,6.666666666666665
Togo,,2017,,TGO,89.43568,74.7365,,14.699179999999998,82.08609000000001,0.0
Togo,TGO,2019,67.0,TGO,92.0,84.0,,8.0,88.0,4.6875
Togo,TGO,2022,72.59589,TGO,93.32553,87.65002,,5.675510000000003,90.487775,8.352074626865669
Tonga,TON,1996,99.0,TON,99.0,99.0,,0.0,99.0,
Tonga,TON,2006,99.0,TON,99.0,100.0,,-1.0,99.5,0.0
Tonga,TON,2011,99.0,TON,99.0,100.0,,-1.0,99.5,0.0
Tonga,TON,2016,97.0,TON,98.0,98.0,,0.0,98.0,-2.020202020202022
Tonga,TON,2019,91.05162,TON,99.91556,99.87335,,0.042209999999997194,99.894455,-6.132350515463914
Trinidad and Tobago,TTO,1990,97.0,TTO,99.0,99.0,,0.0,99.0,
Trinidad and Tobago,,2006,,TTO,,99.18,,,,0.0
Trinidad and Tobago,,2022,,TTO,89.05,99.7281,,-10.6781,94.38905,0.0
Tunisia,TUN,2004,74.0,TUN,96.0,92.0,,4.0,94.0,
Tunisia,TUN,2007,77.0,TUN,98.0,95.0,,3.0,96.5,4.054054054054057
Tunisia,TUN,2008,78.0,TUN,98.0,95.0,,3.0,96.5,1.298701298701288
Tunisia,TUN,2010,79.0,TUN,98.0,96.0,,2.0,97.0,1.2820512820512775
Tunisia,TUN,2011,80.0,TUN,98.0,96.0,,2.0,97.0,1.2658227848101333
Tunisia,TUN,2012,80.0,TUN,98.0,96.0,,2.0,97.0,0.0
Tunisia,TUN,2014,79.0,TUN,97.0,96.0,,1.0,96.5,-1.2499999999999956
Tunisia,TUN,2018,79.47511,TUN,98.38471,97.53666,,0.8480500000000006,97.960685,0.6014050632911383
Tunisia,TUN,2019,81.0,TUN,97.0,97.0,,0.0,97.0,1.9187013393249686
Tunisia,TUN,2021,83.68263,TUN,98.83691,99.05225,,-0.21533999999999764,98.94458,3.311888888888892
Tunisia,TUN,2023,86.24682,TUN,98.1943,98.12705,,0.06725000000000136,98.160675,3.064184287707006
Turkey,TUR,1990,79.0,TUR,97.0,88.0,,9.0,92.5,
Turkey,TUR,2004,87.0,TUR,98.0,93.0,,5.0,95.5,10.126582278481022
Turkey,TUR,2005,88.0,TUR,98.0,94.0,,4.0,96.0,1.1494252873563315
Turkey,TUR,2006,88.0,TUR,98.0,94.0,,4.0,96.0,0.0
Turkey,TUR,2007,89.0,TUR,99.0,94.0,,5.0,96.5,1.1363636363636465
Turkey,TUR,2009,91.0,TUR,99.0,97.0,,2.0,98.0,2.2471910112359605
Turkey,TUR,2010,93.0,TUR,99.0,97.0,,2.0,98.0,2.19780219780219
Turkey,TUR,2011,94.0,TUR,99.0,98.0,,1.0,98.5,1.0752688172043001
Turkey,TUR,2012,95.0,TUR,100.0,98.0,,2.0,99.0,1.0638297872340496
Turkey,TUR,2013,95.0,TUR,100.0,99.0,,1.0,99.5,0.0
Turkey,TUR,2014,95.0,TUR,100.0,99.0,,1.0,99.5,0.0
Turkey,TUR,2015,96.0,TUR,100.0,99.0,,1.0,99.5,1.0526315789473717
Turkey,TUR,2016,96.0,TUR,100.0,99.0,,1.0,99.5,0.0
Turkey,TUR,2017,96.0,TUR,100.0,100.0,,0.0,100.0,0.0
Turkey,,2018,,TUR,100.0,98.8,,1.2000000000000028,99.4,0.0
Turkey,TUR,2019,97.0,TUR,100.0,100.0,,0.0,100.0,1.041666666666674
Turkey,TUR,2021,97.0,TUR,100.0,100.0,,0.0,100.0,0.0
Turkey,,2022,,TUR,92.57,91.87,,0.6999999999999886,92.22,0.0
Turkmenistan,TKM,1995,99.0,TKM,100.0,100.0,,0.0,100.0,
Turkmenistan,,2015,,TKM,,99.83259,,,,0.0
Turkmenistan,,2019,,TKM,,99.98405,,,,0.0
Turks and Caicos Islands,,2020,,TCA,99.88,100.0,,-0.12000000000000455,99.94,
Tuvalu,,2019,,TUV,99.09656,98.50764,,0.5889200000000017,98.8021,
Uganda,UGA,1991,56.0,UGA,77.0,63.0,,14.0,70.0,
Uganda,UGA,2002,68.0,UGA,86.0,76.0,,10.0,81.0,21.42857142857142
Uganda,UGA,2006,71.0,UGA,87.0,81.0,,6.0,84.0,4.4117647058823595
Uganda,UGA,2010,73.0,UGA,90.0,85.0,,5.0,87.5,2.8169014084507005
Uganda,UGA,2012,70.0,UGA,86.0,82.0,,4.0,84.0,-4.109589041095896
Uganda,UGA,2016,69.10132,UGA,81.41776,78.18981,,3.227950000000007,79.803785,-1.283828571428569
Ukraine,UKR,2001,99.0,UKR,100.0,100.0,,0.0,100.0,
Ukraine,,2005,,UKR,,100.0,,,,0.0
United Arab Emirates,ARE,2005,90.0,ARE,94.0,97.0,,-3.0,95.5,
United Arab Emirates,ARE,2019,98.0,ARE,98.0,99.0,,-1.0,98.5,8.888888888888879
United Arab Emirates,ARE,2021,98.0,ARE,100.0,100.0,,0.0,100.0,0.0
United Arab Emirates,ARE,2022,98.0,ARE,100.0,100.0,,0.0,100.0,0.0
United Arab Emirates,ARE,2023,98.0,ARE,100.0,100.0,,0.0,100.0,0.0
Uruguay,URY,1996,97.0,URY,98.0,99.0,,-1.0,98.5,
Uruguay,URY,2006,98.0,URY,98.0,99.0,,-1.0,98.5,1.0309278350515427
Uruguay,URY,2007,98.0,URY,98.0,99.0,,-1.0,98.5,0.0
Uruguay,URY,2008,98.0,URY,98.6,99.2,,-0.6000000000000085,98.9,0.0
Uruguay,URY,2009,98.0,URY,98.6,99.3,,-0.7000000000000028,98.94999999999999,0.0
Uruguay,URY,2010,98.0,URY,98.4,99.2,,-0.7999999999999972,98.80000000000001,0.0
Uruguay,URY,2011,98.0,URY,98.6,99.1,,-0.5,98.85,0.0
Uruguay,URY,2012,98.0,URY,98.6,99.3,,-0.7000000000000028,98.94999999999999,0.0
Uruguay,URY,2013,98.0,URY,98.6,99.3,,-0.7000000000000028,98.94999999999999,0.0
Uruguay,URY,2014,98.0,URY,98.3,99.4,,-1.1000000000000085,98.85,0.0
Uruguay,URY,2015,99.0,URY,98.6,99.2,,-0.6000000000000085,98.9,1.0204081632652962
Uruguay,URY,2016,99.0,URY,98.9,99.4,,-0.5,99.15,0.0
Uruguay,URY,2017,99.0,URY,98.6,99.3,,-0.7000000000000028,98.94999999999999,0.0
Uruguay,URY,2018,99.0,URY,98.6,99.2,,-0.6000000000000085,98.9,0.0
Uruguay,URY,2019,99.0,URY,98.7,99.3,,-0.5999999999999943,99.0,0.0
Uruguay,,2021,,URY,99.1,99.2,,-0.10000000000000853,99.15,0.0
Uruguay,URY,2022,99.0,URY,98.9,99.4,,-0.5,99.15,0.0
Uruguay,,2023,,URY,98.7,99.4,,-0.7000000000000028,99.05000000000001,0.0
Uzbekistan,UZB,2000,99.0,UZB,100.0,100.0,,0.0,100.0,
Uzbekistan,,2006,,UZB,,100.0,,,,0.0
Uzbekistan,UZB,2013,100.0,UZB,100.0,100.0,,0.0,100.0,1.0101010101010166
Uzbekistan,UZB,2014,100.0,UZB,100.0,100.0,,0.0,100.0,0.0
Uzbekistan,UZB,2015,100.0,UZB,100.0,100.0,,0.0,100.0,0.0
Uzbekistan,UZB,2016,100.0,UZB,100.0,100.0,,0.0,100.0,0.0
Uzbekistan,UZB,2018,100.0,UZB,100.0,100.0,,0.0,100.0,0.0
Uzbekistan,UZB,2019,100.0,UZB,100.0,100.0,,0.0,100.0,0.0
Uzbekistan,UZB,2021,100.0,UZB,100.0,100.0,,0.0,100.0,0.0
Uzbekistan,UZB,2022,100.0,UZB,100.0,100.0,,0.0,100.0,0.0
Vanuatu,VUT,1999,74.0,,,,,,,
Vanuatu,VUT,2023,87.96032,VUT,93.36447,94.51224,,-1.1477700000000084,93.938355,18.86529729729729
Venezuela,VEN,1990,90.0,VEN,95.0,96.0,,-1.0,95.5,
Venezuela,,2000,,VEN,96.9,98.2,,-1.2999999999999972,97.55000000000001,0.0
Venezuela,VEN,2001,93.0,VEN,97.0,98.3,,-1.2999999999999972,97.65,3.3333333333333437
Venezuela,,2002,,VEN,97.2,98.4,,-1.2000000000000028,97.80000000000001,0.0
Venezuela,,2003,,VEN,97.2,98.5,,-1.2999999999999972,97.85,0.0
Venezuela,,2004,,VEN,97.7,98.6,,-0.8999999999999915,98.15,0.0
Venezuela,,2005,,VEN,97.6,98.5,,-0.9000000000000057,98.05,0.0
Venezuela,,2006,,VEN,97.8,98.8,,-1.0,98.3,0.0
Venezuela,VEN,2007,95.0,VEN,98.0,98.8,,-0.7999999999999972,98.4,2.1505376344086002
Venezuela,,2008,,VEN,98.1,98.9,,-0.8000000000000114,98.5,0.0
Venezuela,VEN,2009,96.0,VEN,98.3,98.8,,-0.5,98.55,1.0526315789473717
Venezuela,,2010,,VEN,98.1,98.8,,-0.7000000000000028,98.44999999999999,0.0
Venezuela,VEN,2011,95.0,VEN,98.3,99.0,,-0.7000000000000028,98.65,-1.041666666666663
Venezuela,,2012,,VEN,98.6,99.1,,-0.5,98.85,0.0
Venezuela,,2013,,VEN,98.5,98.9,,-0.4000000000000057,98.7,0.0
Venezuela,,2014,,VEN,98.6,99.2,,-0.6000000000000085,98.9,0.0
Venezuela,VEN,2015,97.0,VEN,99.0,99.0,,0.0,99.0,2.1052631578947434
Venezuela,VEN,2016,97.0,VEN,98.0,99.0,,-1.0,98.5,0.0
Vietnam,VNM,1999,90.0,VNM,95.0,94.0,,1.0,94.5,
Vietnam,VNM,2000,90.0,VNM,96.0,94.0,,2.0,95.0,0.0
Vietnam,,2006,,VNM,,100.0,,,,0.0
Vietnam,VNM,2009,94.0,VNM,97.0,97.0,,0.0,97.0,4.444444444444451
Vietnam,,2014,,VNM,,98.81,,,,0.0
Vietnam,VNM,2019,96.0,VNM,99.0,99.0,,0.0,99.0,2.127659574468077
Vietnam,,2020,,VNM,97.48152,98.96916,,-1.487639999999999,98.22534,0.0
Vietnam,VNM,2022,96.0,VNM,99.0,99.0,,0.0,99.0,0.0
World,OWID_WRL,1990,74.90702,OWID_WRL,87.31748,78.86351,,8.453969999999998,83.090495,
World,OWID_WRL,1991,75.28651,OWID_WRL,87.43884,79.24219,,8.196650000000005,83.340515,0.5066147338393723
World,OWID_WRL,1992,75.69432,OWID_WRL,87.67215,79.55118,,8.12097,83.611665,0.5416773868253344
World,OWID_WRL,1993,76.10245,OWID_WRL,87.92209,79.79938,,8.122709999999998,83.860735,0.5391818038658736
World,OWID_WRL,1994,76.50147,OWID_WRL,88.03336,80.19295,,7.840410000000006,84.113155,0.5243195192796035
World,OWID_WRL,1995,76.91185,OWID_WRL,88.14821,80.59619,,7.552019999999999,84.3722,0.5364341364943792
World,OWID_WRL,1996,77.29632,OWID_WRL,88.23841,80.9904,,7.248010000000008,84.614405,0.4998839580636627
World,OWID_WRL,1997,79.28844,OWID_WRL,88.7176,82.21442,,6.50318,85.46601000000001,2.5772507669187927
World,OWID_WRL,1998,80.4687,OWID_WRL,89.70054,82.80887,,6.891670000000005,86.254705,1.4885650417639784
World,OWID_WRL,1999,80.806,OWID_WRL,89.85753,83.27845,,6.5790799999999905,86.56799000000001,0.41916919249347373
World,OWID_WRL,2000,80.97923,OWID_WRL,89.84021,83.30813,,6.5320799999999934,86.57417000000001,0.21437764522436176
World,OWID_WRL,2001,81.28601,OWID_WRL,89.94985,83.82793,,6.121920000000003,86.88889,0.378837882256966
World,OWID_WRL,2002,81.64019,OWID_WRL,90.38558,84.33525,,6.050330000000002,87.360415,0.4357207347242209
World,OWID_WRL,2003,82.11429,OWID_WRL,90.82547,84.83368,,5.991789999999995,87.829575,0.5807188836772559
World,OWID_WRL,2004,82.44728,OWID_WRL,90.99728,85.37423,,5.623050000000006,88.185755,0.4055201597675806
World,OWID_WRL,2005,82.45476,OWID_WRL,91.38889,85.40587,,5.98302000000001,88.39738,0.009072464246218104
World,OWID_WRL,2006,82.42529,OWID_WRL,90.91807,85.46435,,5.453720000000004,88.19121,-0.03574081108232985
World,OWID_WRL,2007,83.01185,OWID_WRL,91.08644,86.00191,,5.084530000000001,88.544175,0.7116262496619452
World,OWID_WRL,2008,83.38555,OWID_WRL,91.41756,86.55271,,4.86484999999999,88.985135,0.45017669164100216
World,OWID_WRL,2009,83.60871,OWID_WRL,91.40515,86.77014,,4.635010000000008,89.08764500000001,0.267624306609493
World,OWID_WRL,2010,84.2272,OWID_WRL,91.80122,87.23128,,4.5699400000000026,89.51625,0.7397435028001276
World,OWID_WRL,2011,84.41082,OWID_WRL,91.86451,87.70053,,4.163979999999995,89.78252,0.21800558489419863
World,OWID_WRL,2012,84.60142,OWID_WRL,92.09037,88.10454,,3.985829999999993,90.097455,0.22580043648432468
World,OWID_WRL,2013,84.90313,OWID_WRL,92.42617,88.67801,,3.7481599999999986,90.55208999999999,0.35662521976580486
World,OWID_WRL,2014,85.28642,OWID_WRL,92.55024,89.10535,,3.444890000000001,90.82779500000001,0.4514438984758229
World,OWID_WRL,2015,85.67891,OWID_WRL,92.69437,89.52198,,3.172390000000007,91.108175,0.46020222211224926
World,OWID_WRL,2016,86.00014,OWID_WRL,92.76739,89.83617,,2.9312200000000104,91.30178000000001,0.3749230703331774
World,OWID_WRL,2017,86.17703,OWID_WRL,92.85626,90.04203,,2.814230000000009,91.449145,0.2056857116744304
World,OWID_WRL,2018,86.43751,OWID_WRL,92.88166,90.12206,,2.759599999999992,91.50186,0.30226151910781596
World,OWID_WRL,2019,86.54794,OWID_WRL,93.74094,90.9163,,2.824639999999988,92.32862,0.12775703511125336
World,OWID_WRL,2020,86.74748,OWID_WRL,93.77812,91.07546,,2.7026599999999945,92.42679000000001,0.23055430319889325
World,OWID_WRL,2021,86.92754,OWID_WRL,93.83333,91.26919,,2.564140000000009,92.55126,0.20756798929491005
World,OWID_WRL,2022,87.15536,OWID_WRL,93.8974,91.50098,,2.396420000000006,92.69919,0.2620803487594525
World,OWID_WRL,2023,87.35603,OWID_WRL,93.93184,91.67273,,2.2591099999999926,92.802285,0.23024401482594214
Yemen,YEM,1994,37.0,YEM,83.0,35.0,,48.0,59.0,
Yemen,,2006,,YEM,,65.66,,,,0.0
Yemen,,2013,,YEM,,64.08,,,,0.0
Yemen,,2023,,YEM,61.76,76.91698,,-15.156979999999997,69.33849,0.0
Zambia,ZMB,1990,65.0,ZMB,67.0,66.0,,1.0,66.5,
Zambia,ZMB,1999,68.0,ZMB,73.0,66.0,,7.0,69.5,4.615384615384621
Zambia,ZMB,2002,69.0,ZMB,78.0,66.0,,12.0,72.0,1.4705882352941124
Zambia,ZMB,2010,83.0,ZMB,91.0,87.0,,4.0,89.0,20.28985507246377
Zambia,ZMB,2018,71.1323,ZMB,82.44786,72.90992,,9.537940000000006,77.67889,-14.298433734939753
Zimbabwe,ZWE,1992,84.0,ZWE,97.0,94.0,,3.0,95.5,
Zimbabwe,,2009,,ZWE,,95.65,,,,0.0
Zimbabwe,,2014,,ZWE,,96.31,,,,0.0
Zimbabwe,ZWE,2019,93.22755,ZWE,90.77383,94.2159,,-3.442070000000001,92.494865,10.985178571428555
